title,director
Totally Killer,Nahnatchka Khan
Guy Ritchie's The Covenant,Guy Ritchie
A Million Miles Away,Alejandra Márquez Abella
Kelce,Don Argott
Despicable Me 3,Pierre Coffin
Despicable Me 3,Kyle Balda
Those Who Wish Me Dead,Taylor Sheridan
Renfield,Chris McKay
The Proposal,Anne Fletcher
Black Adam,Jaume Collet-Serra
A Thousand and One,A.V. Rockwell
Pokémon Detective Pikachu,Rob Letterman
Top Gun: Maverick,Joseph Kosinski
DC League of Super-Pets,Jared Stern
Aquaman,James Wan
Dungeons & Dragons: Honor Among Thieves,Jonathan Goldstein
Dungeons & Dragons: Honor Among Thieves,John Francis Daley
Mechanic: Resurrection,Dennis Gansel
The Suicide Squad (2021),James Gunn
The Batman,Matt Reeves
F9: The Fast Saga,Justin Lin
Sitting In Bars With Cake,Trish Sie
The Other Woman,Nick Cassavetes
Twilight,Catherine Hardwicke
Teenage Mutant Ninja Turtles: Mutant Mayhem | Extended Preview,Jeff Rowe
Teenage Mutant Ninja Turtles: Mutant Mayhem | Extended Preview,Kyler Spears
Mike and Dave Need Wedding Dates (4K UHD),Jake Szymanski
The Equalizer 3 - Bonus X-Ray Edition,Antoine Fuqua
Pitch Perfect,Jason Moore
Jurassic World Dominion,Colin Trevorrow
Champions,Bobby Farrelly
Rock Dog 2: Rock Around the Park,Mark Baldo
The Forever Purge,Everardo Valerio Gout
Halloween Ends,David Gordon Green
Elvis,Baz Luhrmann
Meg 2: The Trench,Ben Wheatley
Unhinged,Derrick Borte
Barbie,Greta Gerwig
Joker,Todd Phillips
Smurfs: The Lost Village,Kelly Asbury
That's My Boy,Sean Anders
The Bourne Legacy,Tony Gilroy
The Spy Who Dumped Me,Susanna Fogel
Old,M. Night Shyamalan
John Wick: Chapter 4,Chad Stahelski
Sicario,Denis Villeneuve
The Addams Family,Conrad Vernon
The Super Mario Bros. Movie - Bonus X-Ray Edition,Aaron Horvath
The Super Mario Bros. Movie - Bonus X-Ray Edition,Michael Jelenic
My Fault,Domingo González
Sonic the Hedgehog 2,Jeff Fowler
Jonah Hex,Jimmy Hayward
Parker,Taylor Hackford
The Twilight Saga: New Moon,Chris Weitz
Wonder Woman 1984,Patty Jenkins
Angel Eyes,Luis Mandoki
Creed III,Michael B. Jordan
M3GAN,Gerard Johnstone
Justice League,Zack Snyder
"Red, White & Royal Blue",Matthew López
Saw,James Wan
Smile,Parker Finn
Love & Murder: Atlanta Playboy Part One,Jaira Thomas
Tales of Halloween,Darren Lynn Bousman
Tales of Halloween,Axelle Carolyn
Tales of Halloween,Adam Gierasch
The Addams Family 2,Greg Tiernan
The Addams Family 2,Conrad Vernon
The Addams Family 2,Laura Brousseau
The Bourne Supremacy,Paul Greengrass
Knock at the Cabin,M. Night Shyamalan
The Blackening,Tim Story
Harlem Nights,Eddie Murphy
Godzilla vs. Kong,Adam Wingard
The Black Phone,Scott Derrickson
Transformers: Rise of the Beasts,Steven Caple
Suicide Squad (2016),David Ayer
Air,Ben Affleck
Red Sparrow,Francis Lawrence
The Bourne Identity,Doug Liman
Nope,Jordan Peele
Everything is Both,Ceth Watson
Memory,Martin Campbell
Freaky,Christopher Landon
Nobody,Ilya Naishuller
The Rebound,Bart Freundlich
Mama,Andres Muschietti
The Magic Of Belle Isle,Rob Reiner
Operation Fortune: Ruse de Guerre,Guy Ritchie
Edge of Darkness,Martin Campbell
Snapshot of Love,Elizabeth Snoderly
Puppy Love,Richard Alan Reid_
Puppy Love,Nick Fabiano
Cold Pursuit,Hans Petter Moland
My Louisiana Sky,Adam Arkin
Running Scared,---
Devil,John Erick Dowdle
Devil,Drew Dowdle
Wonder Woman,Patty Jenkins
Interstellar,Christopher Nolan
PAW Patrol: The Movie,Cal Brunker
Ozzy,Alberto Rodriguez
"The Twilight Saga: Breaking Dawn, Part 2",Bill Condon
The Break-Up,Sharon Vaughn
The Tomorrow War,Chris McKay
No Hard Feelings,Gene Stupnitsky
No Time to Die,Cary Joji Fukunaga
The SpongeBob Movie: Sponge Out Of Water,Mike Mitchell
The SpongeBob Movie: Sponge Out Of Water,Paul Tibbitt
Ticket to Paradise,Ol Parker
Shaft (2019),Tim Story
Jigsaw,Michael Spierig
Jigsaw,Peter Spierig
You Asked to See the Monster,Thomas Leader
Scooby-Doo!: The Movie,Raja Gosnell
Mission: Impossible - Dead Reckoning Part One,Christopher McQuarrie
Talk to Me,Danny Philippou
Talk to Me,Michael Philippou
Constantine,Francis Lawrence
Blacklight,Mark Williams
Running with the Devil,Jason Cabell
The Post,Steven Spielberg
Watchmen,Zack Snyder
Terrifier 2,Damien Leone
The Wedding Singer,Frank Coraci
Mission: Impossible - Dead Reckoning Part One,Christopher McQuarrie
The Lost City,Adam Nee
The Lost City,Aaron Nee
Running with the Devil,Jason Cabell
Fantastica: A Boonie Bears Adventure,Leon Ding
Howard's Mill,Shannon Houchins
Howard's Mill,Potsy Ponciroli
The Nun II,Michael Chaves
Baked With a Kiss,Brittany Underwood
The Jungle Bunch,David Alaux
80 for Brady,Kyle Marvin
Scream VI,Matt Bettinelli-Olpin
Scream VI,Tyler Gillett
Scooby-Doo!: The Movie,Raja Gosnell
Dog,Channing Tatum
Dog,Reid Carolin
Shazam!,David Sandberg
Pavement,Darrell James Roodt
The Equalizer,Antoine Fuqua
Driving Miss Daisy,Bruce Beresford
M3GAN (Unrated),Gerard Johnstone
Saw II,Darren Lynn Bousman
PAW Patrol: Mighty Pups,Jamie Whitney
Grace of Monaco,Olivier Dahan
Act of Valor,Mike McCoy
Act of Valor,Scott Waugh
Observe and Report,Jody Hill
Indiana Jones and the Dial of Destiny (Bonus Content and X-Ray Features),James Mangold
Tom & Jerry,Tim Story
"Love & Murder: Atlanta Playboy, Pt. 2",Jaira Thomas
The Hot Chick,Tom Brady
Greater,David Hunt
Extraction,Steven Miller
Saw III,Darren Lynn Bousman
Fools Rush In,Andy Tennant
Legally Blonde,Robert Luketic
Blitz,Elliott Lester
Saw III,Darren Lynn Bousman
Twilight Saga: Breaking Dawn Part 1,Bill Condon
Blitz,Elliott Lester
Fools Rush In,Andy Tennant
Puss in Boots,Chris Miller
Amy's F It List,Mark S. Allen
One for the Money,Julie Anne Robinson
10 YEARS,Jamie Linden
Violent Night,Tommy Wirkola
Blood and Money,John Barr
Sisu,Jalmari Helander
The Peanut Butter Falcon,Michael Schwartz
The Peanut Butter Falcon,Tyler Nilson
Beast,Baltasar Kormakur
Bewitched,Nora Ephron
The Night Clerk,Michael Cristofer
Wild Target,Jonathan Lynn
Teenage Mutant Ninja Turtles,Jonathan Liebesman
The Secret: Dare to Dream,Andy Tennant
"Legally Blonde 2: Red, White & Blonde",Charles Herman-Wurmfeld
Leap!,Eric Summer
Leap!,Eric Warin
The Darkest Minds,Jennifer Yuh Nelson
Green Lantern,Martin Campbell
The Pig Farm,Christine Nielsen
Mars Attacks!,Tim Burton
The Watch,Akiva Schaffer
Blow,Ted Demme
The Birdcage,Mike Nichols
Deadly Entanglement,Bobby Yan
Solace,Afonso Poyart
Hercules (2014),Brett Ratner
2 Guns,Baltasar Kormakur
Clifford the Big Red Dog,Walt Becker
Army of Darkness,Sam Raimi
Riddick,David Twohy
For Love Of The Game,Sam Raimi
To Freedom,Biodun Stephen
Abbott and Costello Meet Frankenstein,Charles Barton
The Pig Farm,Christine Nielsen
No One Lives,Ryûhei Kitamura
Horsemen (2009),Jonas Akerlund
The Lincoln Lawyer,Brad Furman
The Little Things,John Lee Hancock
Batman v Superman: Dawn of Justice,Zack Snyder
Alex Cross,Rob L. Cohen
Blue Beetle,Angel Manuel Solo
Jailer,Nelson
Transformers: Age Of Extinction,Michael Bay
King Richard,Reinaldo Marcus Green
Son of Bigfoot,Jérémie Degruson
Son of Bigfoot,Ben Stassen
DIVINE INTERVENTION,Pedro Pablo Ibarra
DIVINE INTERVENTION,"""Pitipol Ybarra"""
Wild Target,Jonathan Lynn
Coraline,Henry Selick
The Flash,Andy Muschietti
Moneyball,Bennett Miller
Storm Warning,Jamie Blanks
Miles and Lies,Celso García
Picture This,Stephen Herek
Scooby-Doo 2: Monsters Unleashed,Raja Gosnell
Fled,Kevin Hooks
Gran Turismo: Based on a True Story - Bonus X-Ray Edition,Neill Blomkamp
Candyman,Nia DaCosta
Monster High 2,Todd Holland
Pixels,Chris Columbus
Skin: A History of Nudity in the Movies,Danny Wolf
Dr. No,Terence Young
Hoodlum,Bill Duke
Miles and Lies,Celso García
Beetlejuice,Tim Burton
After.Life,Agnieszka Wojtowicz-Vosloo
Jailer,Nelson
A Quiet Place Part II,John Krasinski
Quest for Fire,ean-Jacques Annaud
Braven,Lin Oeding
Widows,Steve McQueen
The Sisterhood of the Traveling Pants,Ken Kwapis
jackass forever,Jeff Tremaine
Saw IV,Darren Lynn Bousman
Contraband,Baltasar Kormákur
Contraband,Baltasar Kormakur
A-X-L,Oliver Daly
My Big Fat Greek Wedding 3,Nia Vardalos
Nacho Libre,Jared Hess
Batman v Superman: Dawn Of Justice Ultimate Edition,Zack Snyder
The Super,Rod Daniel
Killers,Robert Luketic
Dear Zoe,Gren Wells
Insidious: The Red Door,Patrick Wilson
Deep Blue Sea,Renny Harlin
Kick-Ass 2,Jeff Wadlow
The Ranch,Susan Seidelman
The Day After Tomorrow,Roland Emmerich
The Ride,Alex Ranarivelo
The Infiltrator,Brad Furman
Friday,F. Gray
A-X-L,Oliver Daly
Dr. No,Terence Young
Coneheads,Steve Barron
Coneheads,Steve Barron
The Ride,Alex Ranarivelo
The Infiltrator,Brad Furman
Scream,Matt Bettinelli-Olpin
Scream,Tyler Gillett
Pretty Crazy,Maurice Mo' Jones
Red Eye,Wes Craven
Texas Killing Fields,Ami Canaan Mann
Suicide Squad (Extended Cut),David Ayer
Remember Me,Allen Coulter
Come Play,Jacob Chase
My Spy,Peter Segal
Finding You,Brian Baugh
Maya The Bee,Alexs Stadermann
Spider-Man: Across The Spider-Verse - Bonus X-Ray Edition,Joaquim Dos Santos
Spider-Man: Across The Spider-Verse - Bonus X-Ray Edition,Kemp Powers
Spider-Man: Across The Spider-Verse - Bonus X-Ray Edition,Justin K. Thompson
Medusa's Mystery,Christian Faure
Daisies In December,Mark Haber
Last Night in Soho,Edgar Wright
13 Hours,---
Killer Klowns from Outer Space,Stephen Chiodo
The Chronicles of Riddick,David Twohy
October Sky,Joe Johnston
Casino Royale,---
Daisies In December,Mark Haber
Mean Girls,Mark Waters
Transporter 3,Olivier Megaton
Land,Robin Wright
Left Behind,Vic Armstrong
Medusa's Mystery,Christian Faure
Skyfall,Sam Mendes
Wrath of Becky,Matt Angel
Woman in Gold,Simon Curtis
The Punisher,Jonathan Hensleigh
Igor,Anthony Leondis
Drag Me To Hell,Sam Raimi
Summer Rental,Carl Reiner
Kung Food,Sun Haipeng
Charlotte's Web,Gary Winick
Chaos,Tony Giglio
Rise of the Planet of the Apes,Rupert Wyatt
The Mask,Chuck Russell
The Cutting Edge: Chasing The Dream,Stuart Gillard
Before We Go,Chris Evans
Maleficent (Theatrical),Robert Stromberg
Case 39,Christian Alvart
Rumble,Hamish Grieve
Get Close,Derrick Hammond
Promising Young Woman,Emerald Fennell
Deadfall,Stefan Ruzowitzky
October Sky,Joe Johnston
Rumble,Hamish Grieve
Get Close,Derrick Hammond
Promising Young Woman,Emerald Fennell
Case 39,Christian Alvart
The Gambler,Dick Lowry
The Gambler,Rupert Wyatt
Just Getting Started,Ron Shelton
Daniel Tiger's Neighborhood: Tiger Family Trip,Vadim Kapridov
Saving Christmas Spirit,Wendy Faraone
Valerian and the City of a Thousand Planets,Luc Besson
Riding The Bullet,Mick Garris
The Shape of Water,Guillermo Del Toro
The Other End of the Line,James Dodson
J.D.'s Revenge,Arthur Marks
Steve and Maggie - Spooktacular Special (Vol. 14),Wattsenglish Ltd.
Doubting Thomas,Will McFadden
The Name of the Rose,Jean-Jacques Annaud
The SpongeBob SquarePants Movie,Stephen Hillenburg
The SpongeBob SquarePants Movie,Mark Osborne
Woman in Gold,Simon Curtis
Let Him Go,Thomas Bezucha
The Finest Hour,Shimon Dotan
Little Italy,Donald Petrie
"Yours, Mine & Ours",Raja Gosnell
Domestic Disturbance,Harold Becker
Sid is Dead,Eli Gonda
The Little Vampire,Richard Claus
The Little Vampire,Karsten Kiilerich
Hot Tub Time Machine 2,Steve Pink
Harry Potter and the Sorcerer's Stone,Chris Columbus
Overlord,Julius Avery
Overlord,Julius Avery
Monster Family,Holger Tappe
Dracula,Tod Browning
A Royal In Paradise,Adrian Powers
The Little Vampire,Richard Claus
The Little Vampire,Karsten Kiilerich
Where the Buffalo Roam,nbcu
Quantum of Solace,Marc Forster
Cop Shop,Joe Carnahan
Jurassic World,Colin Trevorrow
Saw V,David Hackl
A Haunted House,Michael Tiddes
Jesse Stone: No Remorse,Robert Harmon
White Boy Rick,Yann Demange
Interstellar,Christopher Nolan
Honest Thief,Mark Williams
Tulsa,Scott Pryor AND Gloria Stella
Alexandria,Nick Gillam-Smith
The Girl with All the Gifts,Colm McCarthy
Honest Thief,Mark Williams
Break Every Chain,Tim Searfoss
Jack Reacher,---
The Fog (1980),John Carpenter
She's Out of My League,Jim Field Smith
High Ground,Stephen Maxwell Johnson
The SpongeBob Movie: Sponge on the Run,Tim Hill
The Murders in the Rue Morgue,Jeannot Szwarc
Tulsa,Scott Pryor AND Gloria Stella
The Super Mario Bros. Movie (Blu-Ray + DVD + Digital),Aaron Horvath
"PAW Patrol: Ready, Race, Rescue",---
Dirty Dancing,Emile Ardolino
The Crucifixion,Xavier Gens
Robocop (2014),José Padilha
Scary Stories to Tell in the Dark,Andre Ovredal
Interstellar,Christopher Nolan
Where the Buffalo Roam,nbcu
Luce,Julius Onah
Jesse Stone: Thin Ice,Robert Harmon
The Addams Family,Barry Sonnenfeld
Danger Close,Kriv Stenders
A Princess for Christmas,Michael Damian
So Undercover,Tom Vaughan
The Big Lebowski,Ethan Coen
Punisher: War Zone,Lexi Alexander
Saw 5 (Unrated),David Hackl
Radio Rebel,Peter Howitt
Janky Promoters,Marcus Raboy
Ghostbusters: Afterlife,Jason Reitman
Daylight's End,William Kaufman
Wish You Well,Darnell Martin
Jesse Stone: Innocents Lost,Dick Lowry
Satyaprem Ki Katha,Sameer Vidwans
A Better Life,Chris Weitz
Sonic the Hedgehog,Jeff Fowler
Orphan: First Kill,William Brent Bell
Point Break,Kathryn Bigelow
Identity Thief,Seth Gordon
Venom: Let There Be Carnage,Andy Serkis
Bad Boys for Life,Adil El Arbi
Bad Boys for Life,Bilall Fallah
The Commuter,Jaume Serra
Unfriended: Dark Web,Stephen Susco
Dr. Seuss' Cat In The Hat,Bo Welch
The Voices,Marjane Satrapi
Captive State,Rupert Wyatt
Gotti,Kevin Connolly
Oculus,Mike Flanagan
Blacktop,T.J. Scott
News of the World,Paul Greengrass
Robert the Bruce,Richard Gray
The Last Witch Hunter,Breck Eisner
Mrs. Harris Goes to Paris,Anthony Fabian
The Possession Of Hannah Grace,Diederik Van Rooijen
3 Days to Kill,McG
Women Talking,Sarah Polley
The Contractor,Tarik Saleh
Elsa & Fred,Michael Radford
Shooter,Antoine Fuqua
Snake Eyes: G.I. Joe Origins,Robert Schwentke
Bedurulanka 2012,Clax
Drumline,Charles Stone III
Halloween,John Carpenter
Warrior,Gavin O'Connor
A Rainy Day in New York,Woody Allen
Scary Stories to Tell in the Dark,Andre Ovredal
Honor Society,Oran Zegman
Is Genesis History?,Thomas Purifoy Jr.
2001: A Space Odyssey,Stanley Kubrick
Win a Date with Tad Hamilton!,Robert Luketic
Inglourious Basterds,Quentin Tarantino
Joe Bell,Reinaldo Marcus Green
Superhero Movie,Craig Mazin
Blacktop,T.J. Scott
A Turtle's Tale: Sammy's Adventures,Ben Stassen
A Turtle's Tale: Sammy's Adventures,Mimi Maynard
Sixteen Candles,John Hughes
Stealth,Rob Cohen
Daddy's Home,Sean Anders
Jeepers Creepers 2,Victor Salva
Is Genesis History?,Thomas Purifoy Jr.
SAW 6 (Unrated),Kevin Greutert
Guns Akimbo,Jason Lei Howden
2001: A Space Odyssey,Stanley Kubrick
Fear the Night,Neil LaBute
A Turtle's Tale: Sammy's Adventures,Ben Stassen
A Turtle's Tale: Sammy's Adventures,Mimi Maynard
Secret Window,David Koepp
The Legend of Sleepy Hollow,Pierre Gang
Burnt,John Wells
Stealth,Rob Cohen
Stephen King's A Good Marriage,Peter Askin
El Dorado,Howard Hawks
The Wolf Man (1941),George Waggner
The Wrong Mother,Craig Goldstein
Win a Date with Tad Hamilton!,Robert Luketic
Snowpiercer,Joon-ho Bong
Mystery of the 13th Guest,William Beaudine
Illumination Presents: Dr. Seuss' The Grinch,Scott Mosier
Illumination Presents: Dr. Seuss' The Grinch,Yarrow Cheney
Seven Days In Utopia,Matt Russell
The System,Dallas Jackson
Saw VI,Kevin Greutert
She Said,Maria Schrader
PAW Patrol: Jet to the Rescue,---
The Violent Heart,Kerem Sanga
Kandahar (2023),Ric Roman Waugh
Plus One At an Amish Wedding,Richard Ramsay
Fast X - Bonus X-Ray Edition,Louis Leterrier
The Whale,Darren Aronofsky
Plane,Jean-François Richet
Tucker & Dale vs Evil,Eli Craig
Friends till death,Javier Veiga
Homefront,Gary Fleder
I Can Only Imagine,Jon Erwin
I Can Only Imagine,Andrew Erwin
The House Next Door: Meet the Blacks 2,Deon Taylor
Crown Vic,Joel Souza
I Want You Back,JASON ORLEY
Quigley Down Under,Simon Wincer
South Beach Love,Damián Romay
Megan Leavey,Gabriela Cowperthwaite
Nerve,Henry Joost
Nerve,Ariel Schulman
The Back Up Plan,Alan Poul
IN YOUR DREAMS,Cemal Alpan
Daddy's Home 2,Sean Anders
Hansel & Gretel: Witch Hunters,Tommy Wirkola
Death in Texas,Scott Windhauser
Lord of War,Andrew Niccol
The Meg,Jon Turteltaub
Children Of Men,Alfonso Cuaron
Daddy's Home 2,Sean Anders
New York Minute,Dennie Gordon
"Hailey Dean Mysteries: Murder, with Love",Terry Ingram
And So It Goes,Rob Reiner
MORGAN,Luke Scott
Lila and Eve,Charles Stone III
Crown Vic,Joel Souza
Meet The Blacks,Deon Taylor
Season Of Fear,Doug Campbell
Jurassic Park,Steven Spielberg
Dances with Wolves,Costner
Dances with Wolves,Kevin
Mystery 101: Pilot,Blair Hayes
Step Up,Anne Fletcher
Lord of War,Andrew Niccol
Jumanji: The Next Level,Jake Kasdan
And So It Goes,Rob Reiner
Joy Ride,Adele Lim
Sapta Sagaradaache Ello - Side A,Hemanth M Rao
Hall Pass (2011),Peter Farrelly
Hall Pass (2011),Bobby Farrelly
Spirit: Stallion of the Cimarron,Kelly Asbury
Spirit: Stallion of the Cimarron,Lorna Cook
Lila and Eve,Charles Stone III
All Nighter,Gavin Wiesen
MORGAN,Luke Scott
Season Of Fear,Doug Campbell
K-19: The Widowmaker,Kathryn Bigelow
The Mummy (1932),Karl Freund
Tracks,John Curran
Inglourious Basterds,Quentin Tarantino
Wicker Park,Paul McGuigan
Sapta Sagaradaache Ello - Side A,Hemanth M Rao
Escape from Pretoria,Francis Annan
The Silencing,Robin Pront
Get The Gringo,Adrian Grünberg
Death and Back 1,Craig McMahon
Legally Blonde,Robert Luketic
The Last Witch Hunter,Breck Eisner
Desperado,Robert Rodriguez
Blippi - Explore With Blippi and Learn About Vehicles,Stevin John
Apocalypto,Mel Gibson
Hell House LLC,Stephen Cognetti
The Wolf of Wall Street,Martin Scorsese
The Secret Life of the Cruise,Ben Ryder
Spider-Man: No Way Home,Jon Watts
Alpha,Albert Hughes
The Wolf of Wall Street,Martin Scorsese
The Secret Life of the Cruise,Ben Ryder
Young Guns,Christopher Cain
American Renegades,Steven Quale
Blackbear,J.M. Berrios
SuperFly,Director X.
SuperFly,Director X. X
Boondock Saints,Troy Duffy
Storming Juno,Tim Wolochatiuk
Escape from New York,John Carpenter
Harry Potter and the Chamber of Secrets,Chris Columbus
I Love You Phillip Morris,John Requa
I Love You Phillip Morris,Glenn Ficarra
In the Electric Mist,Bertrand Tavernier
Crazy on the Outside,Tim Allen
Stolen From the Suburbs,MarVista Entertainment
Stolen From the Suburbs,Inc.
Home Alone,Chris Columbus
The Hornet's Nest,Christian Tureaud
The Hornet's Nest,David Salzberg
The Resident,Antti Jokinen
I Still See You,Scott Speer
The Note 2: Taking a Chance on Love,Douglas Barr
The Russia House,Fred Schepisi
A Force of One,Paul Aaron
Wild Oats,Andy Tennant
Escape from Pretoria,Francis Annan
Benny Loves You,Karl Holt
The Winds of Kitty Hawk,E.W. Swackhamer
The Note,Douglas Barr
Step Up,Anne Fletcher
Skin In The Game,Adisa
The Family I Had,Katie Green
The Family I Had,Carlye Rubin
Cartoon Classics - Vol. 5: 25 Favorite Cartoons - 3 Hours,Max Fleischer
Tenth Man,Jack Gold
The Mask of Zorro,Martin Campbell
National Lampoon's Van Wilder,Walt Becker
Only,Takashi Doscher
The Impossible,J.A. Bayona
The Secret In Their Eyes,Juan Campanella
Wrongfully Accused,Pat Proft
Baywatch,Seth Gordon
The Daniel Tiger Movie: Won't You Be Our Neighbor?,Vadim Kapridov
The Daniel Tiger Movie: Won't You Be Our Neighbor?,Tammy Langton
The Curse of La Llorona,Michael Chaves
First Emperor: The Man Who Made China,Nic Young
Dr. Seuss' How the Grinch Stole Christmas,Ron Howard
The Devil Comes At Night,Scott Leaver
Saw 4 (Unrated),Darren Lynn Bousman
Dear Evan Hansen,Stephen Chbosky
Jurassic Park,Steven Spielberg
Greenland,Ric Waugh
Greenland,Ric Roman Waugh
Mystery 101: Pilot,Blair Hayes
One Night With The King,Michael O. Sajbel
Lawless,John Hillcoat
Avatar: The Way of Water,James Cameron
House of Gucci,Ridley Scott
If I Stay,---
About Fate,Marius Vaysberg
Dawning,Young Min Kim
From Russia with Love,Terence Young
A Cape Cod Christmas,John Stimpson
Spy,Paul Feig
Timecop,Peter Hyams
Addams Family Values,Barry Sonnenfeld
The Yards,James Gray
Goldeneye,Martin Campbell
Eminem AKA,Mike Corbera
"Daniel Tiger's Neighborhood: You Are Special, Daniel Tiger!",Vadim Kapridov
The Other Guys,Adam McKay
Red (4K UHD),Robert Schwentke
22 Jump Street,Phil Lord
22 Jump Street,Christopher Miller
22 Jump Street,Chris Miller
The Cutting Edge: Going For The Gold,Sean McNamara
Black Snake Moan,Craig Brewer
Catwoman,Pitof
All About the Benjamins,Kevin Bray
Shock and Awe,Rob Reiner
Ghost Story,John Irvin
What's The Worst That Could Happen?,Sam Weisman
The Ambush,Pierre Morel
Spider-Man: No Way Home (Extended Version),Jon Watts
9/11: Minute by Minute,Piers Garland
Finding Faith,Justin Rossbacher
The Longest Month,Kenn Christenson
Spider-Man: No Way Home (Extended Version),Jon Watts
Home Alone 2: Lost in New York,Chris Columbus
The Spiderwick Chronicles,Mark Waters
The Cutting Edge: Going For The Gold,Sean McNamara
Code of the Assassins,Daniel Lee
Hands Up,Chuck Whitman
Egypt: A Sunken City,Jan Tenhaven
The Last Samurai,Edward Zwick
Black Snake Moan,Craig Brewer
What's The Worst That Could Happen?,Sam Weisman
The Dirty 3rd: Next Generation,Nahala Johnson
Back in the Day,James Hunter
Harry Potter and the Goblet of Fire,Mike Newell
Train to Busan,Yeon Sang-ho
Bad Times at The El Royale,Drew Goddard
Burning Bright,Carlos Brooks
About My Father,Laura Terruso
Clueless,Amy Heckerling
How to Lose a Guy in 10 Days,Donald Petrie
It,Andy Muschietti
Sabotage,David Ayer
The Equalizer 2,Antoine Fuqua
Forsaken (2014),Jon Cassar
Happy People: A Year in the Taiga,Werner Herzog
Happy People: A Year in the Taiga,Dmitry Vasyukov
Back in the Day,James Hunter
Mission: Impossible - Rogue Nation,Christopher McQuarrie
Puss in Boots,Chris Miller
The Librarian: Quest for the Spear,Peter Winther
Untouchables,Brian De Palma
Love In Bloom,Rogue Rubin
Maya The Bee 3: The Golden Orb,Noel Cleary
My Husband's Double Life,Alan Metzger
Love In Bloom,Rogue Rubin
Tesla,James E. Dunford
Tyler Perry's Why Did I Get Married Too?,Tyler Perry
Freddy vs. Jason,Ronny Yu
County Line,Shea Sizemore
Teenage Mutant Ninja Turtles: Out of the Shadows,Dave Green
Need For Speed (Theatrical),Scott Waugh
Anna,Luc Besson
Family Camp,Brian Cates
Things To Do In Denver When You're Dead,Gary Fleder
The Librarian: Quest for the Spear,Peter Winther
Happy People: A Year in the Taiga,Werner Herzog
Happy People: A Year in the Taiga,Dmitry Vasyukov
12 Feet Deep: Trapped Sisters,Matt Eskandari
Woman Of Straw,Dearden
Woman Of Straw,Basil
Take Care,Liz Tuccillo
Wildflower,Diane Keaton
Proud Mary,Babak Najafi
Steven Michael Quezada: The New Mexican,Brian Volk Weiss
The Equalizer 2,Antoine Fuqua
Daniel Visits a New Neighborhood,Tammy Langton
Suicide Squad,David Ayer
Bodies Bodies Bodies,Not Specified
John Tucker Must Die,Betty Thomas
Twisted,Philip Kaufman
Along with the Gods: The Two Worlds,KIM Yong-hwa
The Conjuring: The Devil Made Me Do It,Michael Chaves
Bent,"Robert ""Bobby"" Moresco"
Everything Everywhere All At Once,Daniel Scheinert
Everything Everywhere All At Once,Dan Kwan
The Next Three Days,Paul Haggis
Sabotage,David Ayer
Up in Smoke,Lou Adler
Tomorrow Is Forever,Pichel
Tomorrow Is Forever,Irving
Finders Keepers,Alexander Yellen
MFKZ,"Guillaume ""Run"" Renard"
MFKZ,Shojiro Nishimi
Respect,Liesl Tommy
For Your Eyes Only,John Glen
Catwoman,Pitof
The Green Hornet,Michel Gondry
Fatal Attraction,Adrian Lyne
The Pianist,Roman Polanski
Beethoven,Brian Levant
The Firm,Sydney Pollack
The Day of the Jackal,Fred Zinnemann
The Truman Show,Peter Weir
Lansky,Eytan Rockaway
X,Ti West
10 Cloverfield Lane,Dan Trachtenberg
Intersection,Mark Rydell
Blade,Stephen Norrington
The Way Home,Lance W Dreesen
9/11: Minute by Minute,Piers Garland
The Crow: Salvation,Bharat Nalluri
Red (4K UHD),Robert Schwentke
Christmas with Felicity,Jack C. Newell
That Awkward Moment,Tom Gormican
Jules,Marc Turtletaub
Zombieland: Double Tap,Ruben Fleischer
Mad Max,George Miller
Mission: Impossible - Fallout,Christopher McQuarrie
Rango,Gore Verbinski
Back to School,Metter
Back to School,Alan
That Awkward Moment,Tom Gormican
Rango,Gore Verbinski
The Nun II Extended Preview,Michael Chaves
X,Ti West
Cobweb,Samuel Bodin
Batman (1989),Tim Burton
Godzilla vs. Kong,Adam Wingard
According To Greta,Nancy Bardawil
¿Quieres ser mi hijo?,Ihtzi Hurtado
Look Away,Assaf Bernstein
Thunderball,Terence Young
Impact Winter: An Audible Original Audio Series,Travis Beacham
Zack And Miri Make A Porno,Kevin Smith
Jewel,Paul Shapiro
The Boogeyman,Rob Savage
Our Friend,Gabriela Cowperthwaite
The Earthing Movie,Josh Tickell
The Earthing Movie,Rebecca Tickell
The Program,David S. Ward
A Bride for Christmas,Gary Yates
Death Becomes Her,Robert Zemeckis
Lucy,Luc Besson
Unseen,Yoko Okumura
The Outsider,Randa Haines
American Gothic,John Hough
Being Frank,Miranda Bailey
Susie's Hope,Jerry Rees
Jamesy Boy,Trevor White
Waterworld,Kevin Reynolds
The Imposter,Bart Layton
Halloween II,Rick Rosenthal
"Six Days, Seven Nights",Ivan Reitman
The King's Daughter,Sean Mcnamara
A Good Person,Zach Braff
ParaNorman,Chris Butler
ParaNorman,Sam Fell
Mr. Church,Bruce Beresford
The Imposter,Bart Layton
American Gothic,John Hough
Halloween II,Rick Rosenthal
Rabbit Hole,John Cameron Mitchell
Hitman,Xavier Gens
You Only Live Twice,Lewis Gilbert
Susie's Hope,Jerry Rees
Beyond Hoarding,David C. Coffin
A Shot in the Dark,Blake Edwards
Fall,Eric Schaeffer
7 Signs of Christ's Return,Rolf Forsberg
The Lord of the Rings: The Motion Picture Trilogy (Extended & Theatrical)(4K Ultra HD),Peter Jackson
Nightmare on Elm Street (2010),Samuel Bayer
Rumble Fish,Francis Ford Coppola
Pearl: An X-traordinary Origin Story,Ti West
Fury,David Ayer
Old School,Todd Phillips
Jerry & Marge Go Large,David Frankel
The Slammin Salmon,Kevin Heffernan
Unseen,Yoko Okumura
The Boogeyman,Rob Savage
World War Z (Extended),Marc Forster
Spider-Man: Far From Home,Jon Watts
Penelope,Mark Palansky
Bloodshot,Dave Wilson
Wild Card,Simon West
The King's Daughter,Sean Mcnamara
Underworld: Blood Wars,Anna Foerster
Tim Burton's Corpse Bride,Tim Burton
Tim Burton's Corpse Bride,Mike Johnson
A Shot in the Dark,Blake Edwards
Big Sky River,Peter Benson
Sudden Fury,Craig R. Baxley
Hickok,Timothy Woodward Jr.
Labor Pains,Lara Shapiro
Prey For The Devil,Daniel Stamm
Last Knights,Kazuaki Kiriya
Passengers,Morten Tyldum
Noah,Darren Aronofsky
John Tucker Must Die,Betty Thomas
The Librarian: The Curse Of The Judas Chalice,Jonathan Frakes
A Cinderella Christmas,Tosca Musk
Reprisal,Brian A. Miller
The Many Saints Of Newark,Alan Taylor
Fifty Shades Freed,James Foley
Lovewrecked,Randal Kleiser
Scream 4,Wes Craven
Indecent Proposal,Adrian Lyne
Child 44,Daniel Espinosa
9/11,Martin Guigui
American History X,Tony Kaye
Blended,Frank Coraci
Big Sky River,Peter Benson
Odd Thomas,Stephen Sommers
Noah,Darren Aronofsky
Sahara (2005),Breck Eisner
The Best Offer,Giuseppe Tornatore
Independence Day,Roland Emmerich
Trolls,Mike Mitchell
Trolls,Walt Dohrn
Marvel Studios' Guardians of the Galaxy,James Gunn
The Lost World: Jurassic Park,Steven Spielberg
xXx: Return of Xander Cage,D.J. Caruso
Devotion,J.D. Dillard
Seal of Desire,Markiss McFadden
Ben Is Back,Peter Hedges
Guardians of the Galaxy Vol. 3,James Gunn
I Am Durán,Mat Hodgson
Kingsman: The Secret Service,Matthew Vaughn
To Catch a Thief,Alfred Hitchcock
The Wedding Ringer,Jeremy Garelick
Love in the Limelight,Ron Oliver
Reprisal,Brian A. Miller
Relative Strangers,Greg Glienna
Sudden Fury,Craig R. Baxley
No manches Frida 2,Nacho G. Velilla
Sleepy Hollow,Tim Burton
The Train,John Frankenheimer
Sirens,John Duigan
Harry Potter and the Order of the Phoenix,David Yates
Jurassic Park III,Joe Johnston
The Nun II Extended Preview,Michael Chaves
The Great Debaters,Denzel Washington
Gambit,Ronald Neame
Last Knights,Kazuaki Kiriya
Black Girl Erupted,Vanessa Bell Calloway
New Best Friend,Zoe Clarke-Williams
Bullet to the Head,Walter Hill
Children of the Corn,Fritz Kiersch
The Baker,Jonathan Sobol
Destined At Christmas,Brittany Wiscombe
So B. It,Stephen Gyllenhaal
Last Holiday,Wayne Wang
Mr. Majestyk,Richard Fleischer
An Hour Behind,Brian Brough
"Bucktown, U.S.A.",Arthur Marks
Juice,Ernest Dickerson
The Quiet Man,John Ford
Horse Soldiers,John Ford
The Wrong Friend,David DeCoteau
The Dressmaker,Jocelyn Moorhouse
The Girl Who Believes In Miracles,Richard Correll
Shoelaces For Christmas,Craig Clyde
Nurses on the Line: The Crash of Flight 7,Larry Shaw
The Invisible Man,James Whale
Street Code Broken,Janaya Black
Bottoms,Emma Seligman
Cartoon Classics - Vol. 1: 25 Favorite Cartoons - 3 Hours,Max Fleischer
Cartoon Classics - Vol. 1: 25 Favorite Cartoons - 3 Hours,Tex Avery
The Spy Who Loved Me,Lewis Gilbert
Dune,Denis Villeneuve
Ice Girls,Damian Lee
Amish Grace,Gregg Champion
Golda,Guy Nattiv
Event Horizon,Paul Anderson
The Passion of The Christ,Mel Gibson
Forrest Gump,Robert Zemeckis
Scoob!,Tony Cervone
Rio,Carlos Saldanha
The Wrong Car,MarVista Entertainment
The Wrong Car,Inc.
Saw 2 (Unrated),Darren Lynn Bousman
Blade: Trinity,David S. Goyer
The Nun,Corin Hardy
Seven Psychopaths,Martin McDonagh
Chained,Jennifer Chambers Lynch
Sin Nombre (English Subtitled),Cary Joji Fukunaga
Sin Nombre (English Subtitled),Cary Fukunaga
The Apostles After Jesus,Regardt van den Bergh
50/50,Jonathan Levine
Without a Paddle,Steven Brill
I'll Be Home for Christmas,Jerry London
Hostiles,Scott Cooper
My Friend Dahmer,Marc Meyers
Held Up,Steve Rash
All American Girl: The Mary Kay Letourneau Story,Lloyd Kramer
Halloween 4: The Return of Michael Myers,Dwight H. Little
Tomorrow Never Dies,Roger Spottiswoode
Hardball,Brian Robbins
A Nightmare on Elm Street,Wes Craven
A Quiet Place,John Krasinski
Dog Soldiers,Neil Marshall
Man of Steel,Zack Snyder
1984,---
V/H/S,Adam Wingard
V/H/S,Glenn McQuaid
Vampire Dog,Geoff Anderson
A Royal Christmas on Ice,Fred Olen Ray
Love Marry Kill,Trey Haley
Batman (1989),Tim Burton
Lee Daniels' The Butler,Lee Daniels
Pulse,Jim Sonzero
Sniper: The White Raven,Not Specified
King Arthur: Legend of the Sword,Guy Ritchie
Alvin and the Chipmunks,Tim Hill
The Right Kind of Wrong,Ryan Kwanten
The Right Kind of Wrong,Sara Canning
The Dog Who Saved Halloween,Peter Sullivan
A Country Romance,Danny Roth
Broken Promise,Nadeem Soumah
The Ninth Gate,Roman Polanski
All About You,Christine Swanson
Final Destination 3,James Wong
Halloween 4: The Return of Michael Myers,Dwight H. Little
Sing,Garth Jennings
Half Nelson,Ryan Fleck
The Great War of Archimedes,Takashi Yamazaki
The Relic,Peter Hyams
A Haunted House 2,Michael Tiddas
V/H/S,Adam Wingard
V/H/S,Glenn McQuaid
Personally Yours,Jeffrey Reiner
Cry From the Mountain,James F. Collier
Hidden Ireland,Check Six Productions Inc
The Case of the Whitechapel Vampire,Rodney Gibbons
The Mighty Quinn,Carl Schenkel
The House Bunny,Fred Wolf
The Spy Who Loved Me,Lewis Gilbert
Taming Andrew,Artie Mandelberg
Varsity Blues,---
The General's Daughter(1999),Simon West
Dark Legacy,John Hankey
The Girl Next Door,Gregory Wilson
True Justice: Deadly Crossing,Keoni Waxman
Aurora Teagarden Mysteries: Something New,Jessica Harmon
"Me, Myself And Irene",Peter Farrelly
"Me, Myself And Irene",Bobby Farrelly
The Devil's Brigade,Andrew V. McLaglen
NAICA: The Crystal Cave,Gary Lang
Michael Jackson: Searching for Neverland,Dianne Houston
Loaded,Chris Zonas
Denial,Mick Jackson
Harry Potter And The Deathly Hallows - Part 1,David Yates
Super Troopers,Jay Chandrasekhar
The Reading,Courtney Glaude
The Illusionist,Neil Burger
Michael Jackson: Searching for Neverland,Dianne Houston
The Gift,Sam Raimi
Denial,Mick Jackson
The Winter Palace,T.W. Peacocke
Harry Potter And The Deathly Hallows - Part 1,David Yates
Super Troopers,Jay Chandrasekhar
Death Wish (1974),Michael Winner
Broken Promise,Nadeem Soumah
The Wrong Friend,David DeCoteau
Held Up,Steve Rash
Not Cinderella's Type,Brian Brough
All American Girl: The Mary Kay Letourneau Story,Lloyd Kramer
True to the Game 3,David Wolfgang
Bill Engvall: Just Sell Him For Parts,Bill Engvall
George's Best Stuff,Rocco Urbisci
Saw 3 (Unrated),Darren Lynn Bousman
Harry Potter and the Deathly Hallows - Part 2,David Yates
Monster's Ball,Marc Forster
Lords Of Salem,Rob Zombie
Samuel L. Jackson: Did I Stutter?,Ben Sempey
Anna's Storm,Kristoffer Tabori
One In The Chamber,William Kaufman
No Country for Old Men,Joel Coen
No Country for Old Men,Ethan Coen
The Unbearable Weight of Massive Talent,Tom Gormican
World War Z,Marc Forster
The Misfits,Renny Harlin
Stonehearst Asylum,Brad Anderson
Deliver Us From Evil,Scott Derrickson
Point Last Seen,Elodie Keene
Good Burger,Brian Robbins
Road to El Dorado,Bibo Bergeron
Road to El Dorado,Don Paul
Saw: The Final Chapter,Kevin Greutert
Elvira's Haunted Hills,Sam Irvin
Brides of Dracula,Terence Fisher
Marshall's Miracle,Jay Kanzler
Christmas Mail,John Murlowski
Anna's Storm,Kristoffer Tabori
Custody Of The Heart,David Jones
The Commando,Asif Akbar
Sensitive - The Untold Story,Will Harper
The Last Stand,Kim Jee-Woon
Death Warrant,Deran Sarafian
A Walk in the Woods,Ken Kwapis
Dark Legacy,John Hankey
The Running Man,---
Guardians - English Dub,Sarik Andreasyan
The Promotion,Steve Conrad
Griffin & Phoenix,Ed Stone
Life in a Year,Mitja Okorn
All the Queen's Horses,Kelly Richmond Pope
Marauders,Steven C. Miller
Marshall's Miracle,Jay Kanzler
Night Creatures,Peter Graham Scott
7th & Union,Anthony Nardolillo
Griffin & Phoenix,Ed Stone
The Man from Nowhere,Lee Jeong-beom
Mob Town,Danny A. Abeckaser
Untrapped: The Story of Lil Baby,Karam Gill
What a Girl Wants,Dennie Gordon
Sunshine Cleaning,Christine Jeffs
Ashes in the Snow,Marius Markevicius
The Hustle,Deon Taylor
Popeye: 33 Cartoon Classics - 4 Hours,Max Fleischer
Play Misty For Me (1971),universal
Between Friends,Zuko Nodada
Dodgeball: A True Underdog Story,Rawson Marshall Thurber
Seventeen Again,Jeffrey W. Byrd
Most Wanted,Daniel Roby
Yellow Brick Road and Beyond,Troy Szebin
The Running Man,---
A Walk in the Woods,Ken Kwapis
Blazing Saddles,Mel Brooks
The Ruins,Carter Smith
The 'Burbs,Joe Dante
Drowning Mona,Nick Gomez
The Prophecy,Roger Michell
Past Lives,Celine Song
Tim Burton's Corpse Bride,Mike Johnson
Tim Burton's Corpse Bride,Tim Burton
Transformers: Age of Extinction,Michael Bay
Ralphie May: Prime Cut,Alan C. Blomquist
Tyler Perry's Madea on the Run,Tyler Perry
School of Rock,Richard Linklater
Cocktail,Roger Donaldson
Practical Magic (1998),Griffin Dunne
Hidden Saudi Arabia,Grady Candler
Outlander,Howard McCain
Stolen,Simon West
Christmas in Mississippi,Emily Moss Wilson
Pride and Prejudice,Joe Wright
Insidious: The Last Key,Adam Robitel
The Wraith,Mike Marvin
Barnyard,Steve Oedekerk
Exists,Eduardo Sanchez
Doom,Andrzej Bartkowiak
Horns,Alexandre Aja
Quinceanera,Richard Glatzer
Quinceanera,Wash Westmoreland
The Bad News Bears,Michael Ritchie
Spider-Man: Across The Spider-Verse - UHD/BD Combo + Digital,Joaquim Dos Santos
Spider-Man: Across The Spider-Verse - UHD/BD Combo + Digital,Kemp Powers
Date Night,Shawn Levy
The Final Countdown,Don Taylor
Expecting Amish,Richard Gabai
Die Another Day,Lee Tamahori
Nefarious,Chuck Konzelman
Nefarious,Cary Solomon
Limitless,Neil Burger
Terminator 2: Judgment Day,James Cameron
"Are You There God? It's Me, Margaret.",Kelly Fremon Craig
Final Destination,James Wong
Hellraiser,Clive Barker
Hide N Seek,Tolu LordTanner
Child's Play,Tom Holland
The King's Speech,Tom Hooper
Journey to the Center of the Earth,T.J. Scott
Alpha and Omega: Family Vacation,Richard Rich
Hellraiser,Clive Barker
The Getaway,Roger Donaldson
The Maze Runner,Wes Ball
From Russia with Love,Terence Young
Fifty Shades Of Grey,Sam Taylor-Johnson
Love Sarah,Eliza Schroeder
Star Trek Beyond,Justin Lin
Breaking,Abi Damaris Corbin
Hall Pass (Enlarged Edition),Peter Farrelly
Hall Pass (Enlarged Edition),Bobby Farrelly
Creepshow 2,Michael Gornick
"O Brother, Where Art Thou?",Joel Coen
Madame Nobel,Urs Egger
Child's Play,Tom Holland
The Good Heart,Dagur Kári
The Good Heart,Dagur Kari
"O Brother, Where Art Thou?",Joel Coen
Halloween 5,Dominique Othenin-Girard
Stir of Echoes,David Koepp
One for the Money,Julie Anne Robinson
Double Jeopardy,---
Carmen,Valerie Buhagiar
Invisible History: Middle Florida's Hidden Roots,Valerie Scoon
Shallow Hal,Bobby Farrelly
Shallow Hal,Peter Farrelly
The Getaway,Roger Donaldson
Alpha and Omega: Family Vacation,Richard Rich
The Canterville Ghost,Syd Macartney
Christmas on the Range,Gary Wheeler
Batman: The Complete Animated Series [Blu-ray],Various
The 40 Year-Old Virgin,Judd Apatow
Once Upon A Crime,Eugene Levy
Stand and Deliver,Ramón Menéndez
Broken Embraces,Pedro Almodóvar
Journey to the Center of the Earth,T.J. Scott
Betrayed,Eirik Svensson
When Harry Met Sally,Rob Reiner
The Baytown Outlaws,Barry Battles
Curious Caterer: Grilling Season,Paul Ziller
Arbitrage,Nicholas Jarecki
Wedding Cottage,Terry Ingram
Live and Let Die,---
21 Grams,Alejandro Gonzalez Inarritu
The Man in the Moon,Robert Mulligan
Edge of Tomorrow,Doug Liman
Lucy Shimmers and the Prince of Peace,Rob Diamond
Madame Nobel,Urs Egger
"Jeff, Who Lives at Home",Jay Duplass
"Jeff, Who Lives at Home",Mark Duplass
The 5th Quarter,Rick Bieber
Death on the Nile,John Guillermin
Life Without Hope,Leo Sullivan
Annabelle Comes Home,Gary Dauberman
Transformers: Dark of the Moon,---
Brick Mansions,Not Specified
Silver Linings Playbook,David O. Russell
Double Jeopardy,---
21 Grams,Alejandro Gonzalez Inarritu
Halloween 5,Dominique Othenin-Girard
Silent Fall,Bruce Beresford
Resident Evil: Welcome to Raccoon City,Johannes Roberts
Teenage Mutant Ninja Turtles II: The Secret of the Ooze,Michael Pressman
Gone,Heitor Dhalia
The Hobbit: An Unexpected Journey,Peter Jackson
Goldeneye,Martin Campbell
Paper Soldiers,Damon Dash
Paper Soldiers,David Daniel
Cloudy with a Chance of Meatballs,Phil Lord
Cloudy with a Chance of Meatballs,Christopher Miller
Buffaloed,Tanya Wexler
Life Without Hope,Leo Sullivan
The Remaining,Casey Lascala
Saving Private Ryan,Steven Spielberg
A Father's Legacy,Jason Mac
Inside a Cult: Messiah on Trial,Ben Anthony
Death on the Nile,John Guillermin
Phantasm: Remastered,Don Coscarelli
Phantoms,Joe Chappelle
Make Up,Claire Oakley
The Hobbit: An Unexpected Journey,Peter Jackson
Acts of Violence,Brett Donowho
Scary Movie 2,Keenen Ivory Wayans
Annabelle Comes Home,Gary Dauberman
Prairie Fever,Stephen Bridgewater
Evil Dead,Fede Alvarez
Edward Scissorhands,Tim Burton
Brick Mansions,Not Specified
Hoopties,Jeremy Berger
Trust,David Schwimmer
Princess of the Row,Van Maximilian Carlson
Fantastic Beasts: The Secrets of Dumbledore,David Yates
Thiruchitrambalam,Mithran Jawahar
Harry Potter: 8-Film Collection [4K Ultra HD + Blu-ray] [4K UHD],Chris Columbus
Harry Potter: 8-Film Collection [4K Ultra HD + Blu-ray] [4K UHD],Alfonso Cuarón
Harry Potter: 8-Film Collection [4K Ultra HD + Blu-ray] [4K UHD],Mike Newell
Harry Potter: 8-Film Collection [4K Ultra HD + Blu-ray] [4K UHD],David Yates
Always At The Carlyle,Matthew Miele
Saturday Night Fever,John Badham
Shrapnel,William Kaufman
Swordfish,Dominic Sena
Moonraker,Lewis Gilbert
The Man with the Golden Gun,Guy Hamilton
Support Your Local Gunfighter,Burt Kennedy
The Conjuring 2,James Wan
Nanny McPhee Returns,Susanna White
A Monster In Paris,Bilbo Bergeron
Wild Prairie Rose,Deborah LaVine
The Notebook,Nick Cassavetes
Spoiler Alert,Michael Showalter
The Woman Who Wasn't There,Angelo J. Guglielmo Jr.
The Queen's Corgi,Vincent Kesteloot
The Queen's Corgi,Ben Stassen
Messenger of Death,J. Lee Thompson
The Substitute,Robert Mandel
Book Club,Bill Holderman
Failure to Launch,Tom Dey
Scream,Wes Craven
Kingdom of Heaven,Ridley Scott
The Courier,Dominic Cooke
War of The Worlds (2005),Steven Spielberg
Bats,Louis Morneau
The Forger,Philip Martin
Tomorrow Never Dies,Roger Spottiswoode
Farewell My Love,Randall Fontana
Lavell Crawford: The Comedy Vaccine (Extended Edition),Brian Volk-Weiss
The Reef,Howard E. Baker
The Reef,John Fox
Sinister,Scott Derrickson
Nanny McPhee,Kirk Jones
Resident Evil: The Final Chapter,Paul W.S. Anderson
Autumn in New York,Joan Chen
The Electrical Life Of Louis Wain,Will Sharpe
Beyond the Law,James Cullen Bressack
Chick Fight,Paul Leyden
Batman & Robin,Joel Schumacher
Spinning Man,Simon Kaijser
Annabelle: Creation,David Sandberg
Book Club: The Next Chapter,Bill Holderman
The Jewel of the Nile,Lewis Teague
The Knight of Shadows,Vash
Madagascar: Escape 2 Africa,Eric Darnell
Madagascar: Escape 2 Africa,Tom McGrath
Season of the Witch,Dominic Sena
Trick 'r Treat,Michael Dougherty
Shutter Island,Martin Scorsese
The Ring,Gore Verbinski
The Woman in Black,James Watkins
The Cat in the Hat Knows a Lot About Halloween!,Tony Collingwood
Summer of 84,Francois Simard
Summer of 84,Anouk Whissell
Summer of 84,Yoann-Karl Whissell
Retreat To Paradise,Brian Brough
The Lord of The Rings: The Fellowship of the Ring (Extended Edition),Peter Jackson
The Book of Life,Jorge Gutierrez
The Matrix: Resurrections,Lana Wachowski
Black Mass,Scott Cooper
Gone,Heitor Dhalia
The Mist,Frank Darabont
The Sandlot,David Mickey Evans
The Sandlot,David J. Evans
The Sandlot,David M. Evans
Of an Age,Goran Stolevski
Tyler Perry's I Can Do Bad All By Myself,Tyler Perry
Barbie (Blu-Ray + Digital),greta gerwig
Red Dragon,Brett Ratner
Madea Gets A Job ( Stage Play),Tyler Perry
Recoil,Terry Miles
Legion,Scott Stewart
Queen Bees,Michael Lembeck
Peace by Chocolate,Jonathan Keijser
Christmas Belle,Alex Wright
Belly,Hype Williams
The Sons of Katie Elder,Henry Hathaway
Looking For Her,Alexandra Swarens
Dino King,Han Sang-ho
Devil's Pond,Joel Viertel
Country Remedy,Andrew C. Erin
Curious George: A Halloween Boo Fest,Scott Heming
Curious George: A Halloween Boo Fest,Andrei Svislotski
Undiscovered Disney Parks,Lightship Entertainment
Imagine That,---
The Marriage Fool (Restored),Charles Matthau
The Shining,Stanley Kubrick
Alien Vs. Predator,Paul Anderson
Alien Vs. Predator,Paul W.S. Anderson
See Jane Date,Robert Berlinger
Legend of the Lost,Henry Hathaway
Ghost In the Shell,Mamoru Oshii
School Ties,Robert Mandel
Young Billy Young,Burt Kennedy
SAPPY HOLIDAY,Andrew Cymek
Mistaken,Alfred Robbins
Spider-Man: Into the Spider-Verse,Bob Persichetti
Spider-Man: Into the Spider-Verse,Peter Ramsey
Spider-Man: Into the Spider-Verse,Rodney Rothman
Pimp,Christine Crokos
Days of Thunder,Tony Scott
The Layover,William H. Macy
Man on Fire,Tony Scott
Take Me Home,Sam Jaeger
"Sex, Love, Misery: New New York",Shannon Alexander
Batman Returns,Tim Burton
Jeff Dunham: Arguing with Myself,Manny Rodriguez
Nazi Death Marches,Virginie Linhart
Dancing Detective: A Deadly Tango,Stefan Scaini
The LEGO Movie,Phil Lord
The LEGO Movie,Christopher Miller
Thirteen Lives,Ron Howard
Stuck in Love,Josh Boone
Get a Job,Dylan Kidd
Hatchet,Adam Green
The Couch Trip,Michael Ritchie
Tim Burton's The Nightmare Before Christmas,Henry Selick
Dr. No HD,Terence Young
Aloha,Cameron Crowe
Star Trek (2009),J.J. Abrams
Transformers: Revenge of the Fallen,Michael Bay
The Far Pavilions,Peter Duffell
Triggered,Alastair Orr
Hot Tub Time Machine 2,Steve Pink
Spider-Man Across The Spider-Verse: Sneak Peek,Joaquim Dos Santos
Spider-Man Across The Spider-Verse: Sneak Peek,Kemp Powers
Spider-Man Across The Spider-Verse: Sneak Peek,Justin K. Thompson
Robots,Chris Wedge
Robots,Carlos Saldanha
A View to a Kill,John Glen
Stuck in Love,Josh Boone
Once Upon a Time in the West,Sergio Leone
The Couch Trip,Michael Ritchie
The Retrievers,Paul Schneider
Once Upon a Time in the West,Sergio Leone
Tomorrow Never Dies,Roger Spottiswoode
Hatchet,Adam Green
Sabrina The Teenage Witch,Tibor Takács
Stan Helsing,Bo Zenga
Skin Trade,Ekachai Uekrongtham
Beverly Hills Cop,Martin Brest
The Gate,Tibor Takacs
FLU,Sung-su Kim
The Suicide Squad,James Gunn
Elf,Jon Favreau
In The Blood,John Stockwell
Underdogs,Doug Dearth
The Secret,Drew Heriot
Transformers: Revenge of the Fallen,Michael Bay
Body of Lies,Ridley Scott
"Map of Tiny Perfect Things, The",Ian Samuels
The Mandela Effect,David Guy Levy
Tyler Perry's Madea Goes to Jail - The Play,Tyler Perry
Falling for Vermont,David Winning
Annabelle,John R. Leonetti
Desperation Road,Nadine Crocker
Birds of Prey (and the Fantabulous Emancipation of One Harley Quinn),Cathy Yan
"Sex, Love, Misery: New New York",Shannon Alexander
A Turtle's Tale 2: Sammy's Escape From Paradise,Vincent Kesteloot
A Turtle's Tale 2: Sammy's Escape From Paradise,Ben Stassen
A Turtle's Tale 2: Sammy's Escape From Paradise,Mimi Maynard
Heal,Kelly Noonan Gores
Heal,Adam Schomer
The Little Mermaid (Bonus Content and X-Ray Features),Rob Marshall
The Devil You Know,Charles Murray
The Devil You Know,Charles Murray
Out of the Dark,Lluís Quílez
Hats Off To Christmas!,Terry Ingram
The Lego Movie 2: The Second Part,Mike Mitchell
Christmas in the Smokies,Gary Wheeler
Desperation Road,Nadine Crocker
Halloween H20: 20 Years Later,Miner
Halloween H20: 20 Years Later,Steve
Falling for Vermont,David Winning
A Turtle's Tale 2: Sammy's Escape From Paradise,Vincent Kesteloot
A Turtle's Tale 2: Sammy's Escape From Paradise,Ben Stassen
A Turtle's Tale 2: Sammy's Escape From Paradise,Mimi Maynard
Barbie (4K Ultra HD + Digital) [4K UHD],greta gerwig
Annabelle,John R. Leonetti
Death Race 2000,Paul Bartel
The Visitor,Thomas McCarthy
Murphy's Law,J. Lee Thompson
I Am T-Rex,Shang Ming
I Am T-Rex,Si Lin
Neighbors,Nicholas Stoller
Judas and the Black Messiah,Shaka King
The Locusts,John Patrick Kelley
The Founder,John Lee Hancock
Karen,Coke Daniels
The Lazarus Effect,David Gelb
The Suicide Squad,James Gunn
Haunt,Scott Beck
Haunt,Bryan Woods
Dominion: Prequel To The Exorcist,Paul Schrader
China Doll,Borzage
China Doll,Frank
The Hired Heart,Jeremy Kagan
Birds of Prey (and the Fantabulous Emancipation of One Harley Quinn),Cathy Yan
My Bloody Valentine,Patrick Lussier
Adeline,Greg James
Trick or Treat Scooby-Doo!,Audie Harrison
Catch Hell,Ryan Phillippe
Quest for the Lost Pharaoh,Pierre Stine
Titanic,James Cameron
Admission,Paul Weitz
Traded,Timothy Woodward Jr.
Warhorse One,Johnny Strong
Warhorse One,William Kaufman
Daylight,Rob L. Cohen
Daylight,Rob Cohen
Lost Child,Ramaa Mosley
The Big Country,William Wyler
Elvira: Mistress of the Dark,James Signorelli
The Retrievers,Paul Schneider
Blindfire,Mike Nell
Gangs Of New York,Martin Scorsese
Scooby-Doo 2: Monsters Unleashed,Raja Gosnell
A Walk in the Clouds,Alfonso Arau
"Love, Kennedy",T.C. Christensen
Mary Higgins Clark's: Try to Remember,Jeff Beesely
Captain America: The Winter Soldier,Anthony Russo
Captain America: The Winter Soldier,Joe Russo
Tag,Jeff Tomsic
RV,Barry Sonnenfeld
Eraser: Reborn,John Pogue
Dark Skies,Ron Oliver
Kill Bill: Volume 2,Quentin Tarantino
Red 2,Dean Parisot
Status Update,Scott Speer
Enter the Fat Dragon,Kenji Tanigaki
Elemental (Includes Bonus Content),Peter Sohn
The 355,Simon Kinberg
Barefoot,Andrew Fleming
Where Your Heart Belongs,Christine Will Wolf
The Lost Boys,Joel Schumacher
Top Gun,Tony Scott
Harley Davidson and the Marlboro Man,Simon Wincer
X-Men,Bryan Singer
The Secret Life of Pets,Chris Renaud
Hustle & Flow,Craig Brewer
Aachar & Co.,Sindhu Sreenivasa Murthy
The Last Exorcism Part II,Ed Gass-Donnelly
Hamburger Hill,John Irvin
Marty,Delbert Mann
No Good Deed,Sam Miller
Return to the Lost World,Timothy Bond
The Gathering (2002),Brian Gilbert
Bad Ass,Craig Moss
Eddie Griffin: You Can Tell 'Em I Said It,Jay Karas
The Road,John Hillcoat
Bad Boys,Rick Rosenthal
Lonesome Dove Church,Terry Miles
Return to the Lost World,Timothy Bond
The Hired Heart,Jeremy Kagan
Casper,Brad Silberling
A Bridge Too Far,Richard Attenborough
Red River (1948),Howard Hawks
Lemony Snicket's A Series of Unfortunate Events,Brad Silberling
Hustle & Flow,Craig Brewer
Witness For The Prosecution (1957),Billy Wilder
Bad Boys,Rick Rosenthal
Invisible Invaders,Edward L. Cahn
20000 Leagues Under the Sea,Michael Anderson
Lost Child,Ramaa Mosley
Cinderella,Kenneth Branagh
Carriers,Alex Pastor
Carriers,David Pastor
Dear Viola,Laurie Lynd
Red River (1948),Howard Hawks
Cinderella,Kenneth Branagh
Boys of H Company,Joe Wiecha
A Bridge Too Far,Richard Attenborough
Above the Shadows,Claudia Myers
The Most Wonderful Time of the Year,Michael Scott
Leanne Morgan: So Yummy,Isaac Halasima
The Last Deal,Jonathan Salemi
Sing 2,Garth Jennings
The Legend of Zorro,Martin Campbell
Poltergeist,Gil Kenan
Lemony Snicket's A Series of Unfortunate Events,Brad Silberling
The Firm,Sydney Pollack
Law Abiding Citizen,F. Gary Gray
Space Jam: A New Legacy,Malcolm Lee
Space Jam: A New Legacy,Malcolm D. Lee
Of Mice And Men,Gary Sinise
My One True Love,John Lyde
The Ghost Writer,Roman Polanski
Jimmy Neutron: Boy Genius,John Davis
CB4,Tamra Davis
The SpongeBob Movie: Sponge Out of Water,Paul Tibbitt
The SpongeBob Movie: Sponge Out of Water,Mike Mitchell
Crash,Paul Haggis
You've Got Mail,Nora Ephron
The Time Machine (2002),---
Volcano,Mick Jackson
The James Bond Collection [Blu-ray],Various
Shottas,Cess Silvera
Blue Collar Comedy Tour: The Movie,C.B. Harding
Boxcar Bertha,Martin Scorsese
Somewhere in Time,Jeannot Szwarc
Witness For The Prosecution (1957),Billy Wilder
Invasion U.S.A.,Joseph Zito
Instructions Not Included,Eugenio Derbez
Harvest Moon,Peter DeLuise
Prescription for Love,Brian Brough
Casper,Brad Silberling
The Report,Scott Z. Burns
All Eyez on Me,Benny Boom
The Lord of the Rings: Return of the King: Extended Edition,Peter Jackson
Me Before You,Thea Sharrock
Shrek,Vicky Jenson
Shrek,Andrew Adamson
Lovelace,Rob Epstein
Lovelace,Jeffrey Friedman
Storm Rider,Craig Clyde
The Flash (Bonus X-Ray Edition),Andy Muschietti
Batman Returns,Tim Burton
X-Men: The Last Stand,Brett Ratner
Spirit Halloween: The Movie,David Poag
Hit and Run,Dax Shepard
Hit and Run,David Palmer
Alex Rider: Operation Stormbreaker,Geoffrey Sax
The Clue to Love,Graeme Campbell
UFO's Are Real,Ed Hunt
The Big Easy,Jim McBride
Celine,Jeff Woolnough
Invisible Invaders,Edward L. Cahn
Keanu Reeves: Journey to Success,Chaz Thorne
Beyond The Black Rainbow,Panos Cosmatos
Barbara,Christian Petzold
Mission of the Shark,Iscove
Mission of the Shark,Robert
Alex Rider: Operation Stormbreaker,Geoffrey Sax
Puss in Boots: The Last Wish,Joel Crawford
Puss in Boots: The Last Wish,Januel P. Mercado
Shut In,Farren Blackburn
Wolves,David Hayter
Cocoa Brown: Famous Enough,Brian Volk-Weiss
Guardians of the Galaxy Vol. 3 (Includes Bonus Content),James Gunn
You're Not You,George C. Wolfe
Hats Off To Christmas!,Terry Ingram
The Founder,John Lee Hancock
Teenage Mutant Ninja Turtles: Mutant Mayhem | TEEN,Jeff Rowe
Teenage Mutant Ninja Turtles: Mutant Mayhem | TEEN,Kyler Spears
Hazlo Como Hombre (English Subtitled),Nicolás López
Keanu Reeves: Journey to Success,Chaz Thorne
The Magnificent Seven,John Sturges
The Elephant in the Living Room,Michael Webber
The Clue to Love,Graeme Campbell
A View to a Kill,John Glen
X-Men: Days of Future Past,Bryan Singer
Still Breathing,James F. Robinson
Control,Tim Hunter
The Magnificent Seven,John Sturges
UHF,Jay Levey
High Spirits,Neil Jordan
Stevie Nicks - Through The Looking Glass,Not Specified
Freedom Writers,Richard LaGravenese
Mayhem,Joe Lynch
Our Idiot Brother,Jesse Peretz
Meet Joe Black,Martin Brest
Blumhouse's Fantasy Island,Jeff Wadlow
Raptor Island,Stanley Isaacs
MI-5,Bharat Nalluri
Hazlo Como Hombre (English Subtitled),Nicolás López
America Has Fallen,Tom Getty
SOUTH PARK THE STREAMING WARS,Trey Parker
Hotel Transylvania 3,Genndy Tartakovsky
True Justice: Angel of Death,Wayne Rose
Redemption,Steven Knight
Fifty Shades Darker (Unrated Version),James Foley
The Angry Black Girl and Her Monster,Bomani J. Story
The Ghost and the Darkness,Stephen Hopkins
The Replacements,Howard Deutch
Wolves,David Hayter
Son of Dracula,Robert Siodmak
State Property,Abdul Malik Abbott
Guardians of the Galaxy Vol. 3 (Includes Bonus Content),James Gunn
A Nightmare on Elm Street 3: Dream Warriors,Chuck Russell
I Spit on Your Grave 3,R.D. Braunstein
I Spit on Your Grave 3,Richard Schenkman
Stalking Laura,Michael Switzer
A Young Time Ago,Tolu LordTanner
The Goldfinch,John Crowley
The Polar Express,Robert Zemeckis
Lonesome Dove Church,Terry Miles
Killer Design,David DeCoteau
Baby Shark & More Kids Songs (Little Treehouse),USP Studios
The Strangers: Prey at Night,Johannes Roberts
Get a Job,Dylan Kidd
Young Ones,Jake Paltrow
Falling For Christmas,Christie Will Wolf
The Elephant in the Living Room,Michael Webber
Sleepaway Camp III: Teenage Wasteland,Michael A. Simpson
Lying Eyes,Marina Sargenti
Tyler Perry's Good Deeds,Tyler Perry
Sleepaway Camp,Robert Hiltzik
Shut In,Farren Blackburn
Wild Bill,Walter Hill
The Siege of Firebase Gloria,Brian Trenchard Smith
Stuck,Stuart Gordon
Escape Plan 2: Hades,Steven C. Miller
Predator,John McTiernan
Sebastian Maniscalco: Aren't You Embarrassed?,John Asher
Minions: The Rise of Gru,Kyle Balda
Minions: The Rise of Gru,Brad Ableson
Minions: The Rise of Gru,Jonathan del Val
The Stepford Wives,Frank Oz
The Unbinding,Karl Pfeiffer
Teenage Mutant Ninja Turtles: Mutant Mayhem | TEEN,Jeff Rowe
Teenage Mutant Ninja Turtles: Mutant Mayhem | TEEN,Kyler Spears
True Justice: Lethal Justice,Wayne Rose
Deception,Richard Roy
The Help,Tate Taylor
When Love Happens Again,Seyi Babatope
Surviving the Outback,Michael Atkinson
The Wailing,Na Hong-jin
Scheme Queens,Cas Sigers-Beedles
The House of Secrets,Niyi Akinmolayan
Black Beach/White Beach,Ricky Kelly
The Babysitter's Seduction,David Burton Morris
True Justice: Angel of Death,Wayne Rose
Sylvie's Love,Eugene Ashe
Tyler Perry's Good Deeds,Tyler Perry
Ride Till I Die,Tony Rammos
In Hell,Ringo Lam
Killer Design,David DeCoteau
The Pink Panther (1963),---
Arthur and the Minimoys,Luc Besson
I Was There: The Great War Interviews,Detlef Siebert
Shaquille O'Neal Presents: All Star Comedy Jam - Live From Las Vegas,Leslie Small
Zero Dark Thirty,Kathryn Bigelow
The Stepford Wives,Frank Oz
The Man Who Shot Liberty Valance,John Ford
The Lost Gardens of Babylon,Nick Green
"Crazy, Stupid, Love.",Glenn Ficarra
"Crazy, Stupid, Love.",John Requa
"Vanished, The",Peter Facinelli
Dark Alibi - Sidney Toler As Charlie Chan,Phil Karlson
Sylvie's Love,Eugene Ashe
The Pink Panther (1963),---
Arthur and the Minimoys,Luc Besson
Double Mommy,Doug Campbell
Tender Mercies,Bruce Beresford
Warsaw 44,Jan Komasa
Solstice,Daniel Myrick
Tyler Perry's Madea's Family Reunion - The Play,Tyler Perry
The Cutting Edge,Paul Michael Glaser
Blue's Big City Adventure,Matt Stawski
Licence to Kill,John Glen
Shin Masked Rider,Hideaki Anno
Hot Fuzz,Edgar Wright
Free State of Jones,Gary Ross
Rio 2,Carlos Saldanha
The Babysitter's Seduction,David Burton Morris
Three Days of the Condor (1975),Sydney Pollack
State Of Grace,Phil Joanou
First Blood,Ted Kotcheff
Brown Sugar,Rick Famuyiwa
The House of Secrets,Niyi Akinmolayan
Scheme Queens,Cas Sigers-Beedles
X-Men: First Class,Matthew Vaughn
X-Men: First Class,Bryan Singer
Match Point,Woody Allen
Aliens Vs. Predator: Requiem,Colin Strause
Aliens Vs. Predator: Requiem,Greg Strause
In Hell,Ringo Lam
Beverly Hills Cop II,Tony Scott
Stars Fell on Alabama,V.W. Scheich
The Little Mermaid - Bonus X-Ray Edition,Rob Marshall
Minions,Pierre Coffin
Minions,Kyle Balda
Mousehunt,Gore Verbinski
Rogue Warfare: Death of a Nation,Mike Gunther
Night Hunter,David Raymond
A Nanny For Christmas,Michael Feifer
I Was There: The Great War Interviews,Detlef Siebert
The Boss Baby,Tom McGrath
The Hunted,William Friedkin
Let There Be Light,Kevin Sorbo
Love By Accident,Justin G. Dyck
John Wayne & Maureen O'Hara in McLintock! - The Uncut Classic With Bonus Footage,Andrew V. McLaglen
Run All Night,Jaume Collet-Serra
Thiruchitrambalam,Mithran Jawahar
Shrooms,Paddy Breathnach
Cartoon Classics - Vol. 3: 25 Favorite Cartoons - 3 Hours,Max Fleischer
Cartoon Classics - Vol. 3: 25 Favorite Cartoons - 3 Hours,Tex Avery
Girl with the Dragon Tattoo,David Fincher
Timeless Love,Brian Brough
Aliens Vs. Predator: Requiem,Colin Strause
Aliens Vs. Predator: Requiem,Greg Strause
Pennywise: The Story of IT,John Campopiano
Pennywise: The Story of IT,Christopher Griffiths
Alpha and Omega 2: A Howl-iday Adventure,Richard Rich
Tyler Perry's Madea's Neighbors From Hell (Play),Tyler Perry
Shrek 2,Andrew Adamson
Shrek 2,Kelly Asbury
Shrek 2,Conrad Vernon
Brooklyn's Finest,Antoine Fuqua
The Animal,Luke Greenfield
The GiggleBellies: Monster Trucks,TheGiggleBellies
X-Men: The Last Stand,Brett Ratner
Night Hunter,David Raymond
The Final Say,Christopher Nolen
Girl with the Dragon Tattoo,David Fincher
Black Beach/White Beach,Ricky Kelly
Shrooms,Paddy Breathnach
Alpha and Omega 2: A Howl-iday Adventure,Richard Rich
Tyler Perry's Madea's Neighbors From Hell (Play),Tyler Perry
The Hobbit: The Battle of the Five Armies,Peter Jackson
Shrek 2,Andrew Adamson
Shrek 2,Kelly Asbury
Shrek 2,Conrad Vernon
Turbo Kid,Anouk Whissell
Turbo Kid,Francois Simard
Turbo Kid,Yoann-Karl Whissell
Savannah,Annette Haywood-Carter
Brooklyn's Finest,Antoine Fuqua
Mrs. Palfrey At The Claremont,Dan Ireland
CrazySexyCool: The TLC Story,Charles Stone III
Airspeed,Robert Tinnell
Kellen Erskine: Zoomed Out,Brian Volk-Weiss
Cartoon Classics - Vol. 3: 25 Favorite Cartoons - 3 Hours,Max Fleischer
Cartoon Classics - Vol. 3: 25 Favorite Cartoons - 3 Hours,Tex Avery
The More You Ignore Me,Keith English
Gone Girl,David Fincher
Ready Player One,Steven Spielberg
Senior Moment,Giorgio Serafini
The strange case of the claustrophobic ghost,Alejandro Sugich L.A.
Brotherhood,Wayne Rose
Time Simply Passes,Ty Flowers
The Way of the West (2011),Wyeth Clarkson (S. Wyeth Clarkson)
The Autopsy of Jane Doe,Andre Ovredal
A Star Is Born (1976),Frank Pierson
Eight Men Out,John Sayles
The Indian Fighter,Andre De Toth
The Blair Witch Project,Daniel Myrick
The Blair Witch Project,Eduardo Sanchez
Unacknowledged: An Expose of the World's Greatest Secret,Michael Mazzola
Gary Owen: #DoinWhatIDo,Brian Volk-Weiss
Tyler Perry's Daddy's Little Girls,Tyler Perry
It Follows,David Robert Mitchell
The Red Violin,François Girard
Legends of Oz: Dorothy's Return,Will Finn
Mem Famous,Sumanth Prabhas
A Midsummer Night's Dream,David Kerr
The Final Say,Christopher Nolen
Absolutely Anything,Terry Jones
Princess Caraboo,Michael Austin
The More You Ignore Me,Keith English
Trial by Fire,Edward Zwick
The Last Keepers,Maggie Greenwald
Legends of Oz: Dorothy's Return,Will Finn
Blood Father,Jean-François Richet
Eden Lake,James Watkins
Chato's Land,Michael Winner
Night Ambush,Powell
Night Ambush,Michael
Night Ambush,Pressburger
Night Ambush,Emeric
Bongwater,Richard Sears
A Night To Remember,Roy Ward Baker
Masters Of The Universe,Gary Goddard
Absolutely Anything,Terry Jones
Big Momma's House 2,John Whitesell
Run the Race,Chris Dowling
I Can Do Bad All By Myself (Stage Play),Tyler Perry
Plan A,Doron Paz
Plan A,Yoav Paz
The Last Keepers,Maggie Greenwald
Scary Movie,Keenen Ivory Wayans
Fright Night (1985),Tom Holland
Horrible Bosses 2,Sean Anders
Jinkx Monsoon: Red Head Redemption,Brian Volk-Weiss
Brad Williams Fun Size,Scott L. Montoya
Beyonce & Jay-Z: Power Love,Jordan Hill
Christmas on Holly Lane,Michael Scott
King Arthur,Antoine Fuqua
The Hound Of The Baskervilles (1959),Terence Fisher
The Inheritance,Bobby Roth
The Place Beyond The Pines,Derek Cianfrance
The Hobbit: The Desolation of Smaug,Peter Jackson
Some Kind of Hero,Michael Pressman
Spider-Man: No Way Home (Bonus Content),Jon Watts
Halloween II,Rob Zombie
Leonie,Hisako Matsui
Little Shop of Horrors,Frank Oz
Man of Tai Chi,Keanu Reeves
American Ultra,Nima Nourizadeh
Battle for Sevastopol,Sergei Mokritsky
Renfroe's White Christmas,Charles B. Pierce
Rain Man,Barry Levinson
Madea's Big Happy Family (Play),Tyler Perry
The Goonies [4K UHD],Richard Donner
Game of Thrones: The Complete Collection [4K UHD],Various
The Players Club,Ice Cube
Munchies,Tina Hirsch
You're Not Alone,Eduardo Rodriguez
Robo,Sarik Andreasyan
Alpha and Omega: Dino Digs,Tim Maltby
The Living Daylights,John Glen
Jim Gaffigan: Noble Ape,Jeannie Gaffigan
Antwone Fisher,---
Gunless,William Phillips
A Bold Affair,Rick Jacobson
Shania: A Life in Eight Albums,Jerry Ciccoritti
Death Sentence,James Wan
Tornado Valley,Andrew C. Erin
The Cabin in the Woods,Drew Goddard
Secretary,Steven Shainberg
Trial by Fire,Edward Zwick
The Matchmaker's Playbook,Tosca Musk
Anchorman: The Legend of Ron Burgundy,Adam McKay
The Menu,Mark Mylod
The Wizard of Oz,Victor Fleming
Spaceballs,Mel Brooks
Shutter,Masayuki Ochiai
Invisible Life,Karim Ainouz
SECOND CHANCE CHRISTMAS,Danny Buday
The Dark Knight,Christopher Nolan
Jeepers Creepers,Victor Salva
Conan The Barbarian,Marcus Nispel
The Silence of the Lambs,Jonathan Demme
Prospect,Christopher Caldwell
Prospect,Zeek Earl
Elephants of Kilimanjaro,Marjolein Duermeijer
The Matrix,Lilly Wachowski
The Matrix,Lana Wachowski
The Matrix,Bruce Hunt
Call Me: The Rise and Fall of Heidi Fleiss,Charles McDougall
Real Crime A Very Special Constable: Nisha Patel,Tom Whitter
John Wick,Chad Stahelski
Don't Worry Darling,Olivia Wilde
The Presidio,Peter Hyams
Lady Mobster,John Llewellyn Moxey
The Phantom Empire,Fred Olen Ray
Legend of the Red Dragon,Jing Wong
Legend of the Red Dragon,Corey Yuen
Conan The Barbarian,Marcus Nispel
Annie,Will Gluck
Return of Sabata,Gianfranco Parolini
Koyaanisqatsi,Godfry Reggio
All About My Mother,Pedro Almodovar
Shot In The Dark,Keene McRae
Dino Dana The Movie,J.J. Johnson
Hereditary,Ari Aster
The Silence of the Lambs,Jonathan Demme
The Pink Panther,Shawn Levy
The Cutting Edge,Paul Michael Glaser
All of Me,Carl Reiner
Crooklyn,Spike Lee
Brad Williams: Daddy Issues,Scott Montoya
Khumba,Anthony Silverston
The Eight Hundred,Hu Guan
Once Upon A Time in the District,Harold Jackson
The Pink Panther,Shawn Levy
All About My Mother,Pedro Almodovar
All of Me,Carl Reiner
Where the Red Fern Grows,Jim McCullough Jr.
Where the Red Fern Grows,Norman Tokar
Crooklyn,Spike Lee
Billy Two Hats,Ted Kotcheff
Fire With Fire,David Barrett
Pigs,Marc Lawrence
The Secret Life of Pets 2,Chris Renaud
Baby Boom,Charles Shyer
House of the Rising Sun,Brian A. Miller
Noble Intentions,James C. Turner
Field Of Honor (1986),Hans Scheepmaker
Young Guns II,Geoff Murphy
The Ash Lad: In Search of the Golden Castle,Mikkel Brænne Sandemose
Murder on the Orient Express,Sidney Lumet
Go to School and Learn with Blippi,Stevin John
Super 8,J.J. Abrams
Armored,Nimrod Antal
What Haunts Us,Paige Goldberg Tolmach
Greyson Family Christmas,Lisa France
Brad Williams: Daddy Issues,Scott Montoya
The Virgin Suicides,Sofia Coppola
The Breed,Nicholas Mastandrea
Gray Matter,Meko Winbush
Switchback,Jeb Stuart
Tremors,Ron Underwood
Fantastic Beasts: The Crimes of Grindelwald,David Yates
Dr. Seuss' The Lorax,Chris Renaud
Pain & Gain,Michael Bay
Sleepaway Camp II: Unhappy Campers,Michael A. Simpson
"I Do, But I Don't",Kelly Makin
The Strange Life of Dr. Frankenstein,Jean Froment
Everything You Always Wanted To Know About Sex * But Were Afraid To Ask,Woody Allen
Fool's Gold,Andy Tennant
The Perks Of Being A Wallflower,Stephen Chbosky
Fifty Shades of Grey (Unrated Edition),Sam Taylor-Johnson
The Wash,Dj Pooh
Yesterday's Children,Marcus Cole
In Bed with a Killer,MarVista Entertainment
In Bed with a Killer,Inc.
Blackbird,Roger Mitchell
As It Happened: Tarawa,Ashley Gething
THE HUNGER GAMES,Gary Ross
Mary Higgins Clark's: I'll Be Seeing You,Will Dixon
Hotel Transylvania,Genndy Tartakovsky
The Croods: A New Age,Joel Crawford
Knocked Up,Judd Apatow
Live Free or Die Hard,Len Wiseman
Blippi's Snowflake Scavenger Hunt,---
Avarice,John V. Soto
Mercenary,Avi Nesher
Dressed to Kill,Brian De Palma
Jose Canseco: The Truth Hurts,Bill McAdams Jr.
Octopussy,John Glen
Rec 2,Jaume Balagueró
Rec 2,Paco Plaza
Late Night,Nisha Ganatra
Who Made the Potatoe Salad,Coke Daniels
Return of Sabata,Gianfranco Parolini
The Quest,Jean-Claude Van Damme
Memories,Katsuhiro Otomo
Tracers,Daniel Benmayor
Boogie,Eddie Huang
Cantinflas ESP,Sebastian del Amo
Exodus: Gods and Kings,Ridley Scott
The Killer,Choi Jae-hoon
Stage Mother,Thom Fitzgerald
Primal Doubt,Yelena Lanskaya
Mistletoe Mixup,Andrew Lawrence
Autumn Stables,Andrew Cymek
The Gift,---
Jesse Stone: Death in Paradise,Robert Harmon
Big Momma's House,Raja Gosnell
Dead Presidents,Albert Hughes
Dead Presidents,Allen Hughes
Beauty Shop,Billie Woodruff
JFK: The Smoking Gun,Malcolm Mcdonald
Monster Island,Leopoldo Aguilar
Shaft,John Singleton
THE LEGEND & BUTTERFLY,Keishi Otomo
The Nest,Roberto De Feo
Sliver,Phillip Noyce
Mommy Dead and Dearest,Erin Lee Carr
Erased,Philipp Stölzl
The Doors,---
Beauty And The Beast,Christophe Gans
Kicking And Screaming,Jesse Dylan
True To The Game,Preston A. Whitmore II
Harry Potter And The Prisoner Of Azkaban,Alfonso Cuarón
The Exorcist,William Friedkin
The Fighter,David O. Russell
Halloween: Resurrection,Rick Rosenthal
Marineland Carnival with The Munsters TV Cast Members,Various
Chernobyl Diaries,Bradley Parker
Chernobyl Diaries,Brad Parker
The Reality of Love,Sheldon Larry
Tyler Perry's A Madea Christmas - The Play,Tyler Perry
Harry Potter: The Complete 8-Film Collection [DVD],Chris Columbus
Harry Potter: The Complete 8-Film Collection [DVD],Alfonso Cuaron
Harry Potter: The Complete 8-Film Collection [DVD],Mike Newell
Harry Potter: The Complete 8-Film Collection [DVD],David Yates
The Score,Frank Oz
Reminiscence,Lisa Joy
Judy,---
Butter (2011),Jim Field Smith
Red Wing,Will Wallace
The Monster Squad,Fred Dekker
Apache Warrior,David Salzberg
Apache Warrior,Christian Tureaud
The Last House On The Left (Unrated),Wes Craven
"South Park: Bigger, Longer & Uncut",Trey Parker
Girls Just Want to Have Fun,Alan Metter
Paradise Highway,Anna Gutto
Night Passage,Robert Harmon
Bill & Ted's Excellent Adventure,Stephen Herek
Chef,Jon Favreau
Hello,Tamara Bass
Jerry Lewis: The Man Behind the Clown,Gregory Monro
Uncle P,Bernard Gourley
The World is Not Enough,Michael Apted
Furry Vengeance,Roger Kumble
Hansel & Gretel Get Baked,Duane Journey
Caged Animal,Ryan Combs
The Killing Secret,Noel Nosseck
Uncle Frank,Alan Ball
Snoop Dogg's Hood of Horror,Stacy Title
Foreclosure,Brett Bentman
Tyler Perry's Daddy's Little Girls,Tyler Perry
Saw II,Darren Lynn Bousman
Romance in Hawaii,Nanea Miyata
The Mechanic,Michael Winner
Leprechaun 6: Back 2 Tha Hood,Steven Ayromlooi
Doc West,Terence Hill
Doc West,Giulio Base
The Monkey King 2,Soi Cheang
Hotel Artemis,Drew Pearce
Heavenly Deposit,George Vincent
Heavenly Deposit,Rick Irvin
The Engagement Ring,Steven Schachter
Romance in the Wilds,Justin G. Dyck
Dinner Rush,Bob Giraldi
The Midwife's Deception,Letia Clouston
Knives Out,Rian Johnson
My Big Fat Greek Wedding 2,Kirk Jones
Wild Things,John McNaughton
Four Four Forty Four,Izu Ojukwu
Gaslight (1944),George Cukor
St. Vincent,Theodore Melfi
Everything You Always Wanted To Know About Sex * But Were Afraid To Ask,Woody Allen
Redeeming Love,D.J. Caruso
The Midwife's Deception,Letia Clouston
Mythica: A Quest For Heroes,Anne K. Black
Uncle Frank,Alan Ball
Bullet Proof,James C. Clayton
Spirited Away,Hayao Miyazaki
I Am Dragon,Indar Dzhendubaev
Hummingbirds,Paul Reddish
Who Made the Potatoe Salad?,Coke Daniels
Cahill: U.S. Marshall,Andrew V. McLaglen
Margrete: Queen of the North (English Dub),Charlotte Sieling
Infinite Storm,Malgorzata Szumowska
Butter (2011),Jim Field Smith
Maze Runner: The Scorch Trials,Wes Ball
xXx: State of the Union,Lee Tamahori
Love's Second Chance,David I. Strasser
Murderous Minds - The Iceman,Top 5s
From Dusk Till Dawn,Robert Rodriguez
Infinite Storm,Malgorzata Szumowska
Journey to the West,Stephen Chow
Journey to the West,Derek Kwok
Double Daddy,Lee Friedlander
Immortals,Tarsem Singh
Redeeming Love,D.J. Caruso
Oh My Dog,Sarov Shanmugam
Cahill: U.S. Marshall,Andrew V. McLaglen
Scooby-Doo and the Witch's Ghost,Hanna-Barbera
One Winter Weekend,Gary Yates
IT,Andy Muschietti
Cowboy And Movie Star,Jim Cliffe
Pumpkin Pie Wars,Steven R. Monroe
Project: ALF,Dick Lowry
Teen Titans Go! To the Movies,Aaron Horvath
Teen Titans Go! To the Movies,Peter Rida Michail
True Justice: Vengeance is Mine,Lauro Chartrand
Camp Cool Kids,Lisa Arnold
Dune (4k Ultra HD + Blu-Ray + Digital) [4K UHD],Denis Villeneuve
Universal Classic Monsters: Icons of Horror Collection [4K UHD],James Whale
Universal Classic Monsters: Icons of Horror Collection [4K UHD],Tod Browning
Universal Classic Monsters: Icons of Horror Collection [4K UHD],George Waggner
Cody Johnson - Dear Rodeo: The Cody Johnson Story,Not Specified
Scooby-Doo! Camp Scare,Ethan Spaulding
Legend of the Lost Tomb,Johnathan Winfrey
Joe,David Gordon Green
Click,Frank Coraci
Sick of Myself,Kristoffer Borgli
Insidious: Chapter 2,James Wan
Moonraker,Lewis Gilbert
Above Suspicion,Stephen LaRocque
Love Lessons,Douglas Barr
The Prestige,Christopher Nolan
Spirited Away,Hayao Miyazaki
Marked for Death,Dwight H. Little
Christmas Cartoons: 14 Christmas Cartoon Classics - 2 Hours of Holiday Favorites,Max Fleischer
John Grisham's The Rainmaker,Francis Ford Coppola
The Rugrats Movie,Igor Kovalyov
The Rugrats Movie,Norton Virgien
Jeff Dunham: Minding The Monsters,Manny Rodriguez
Jeff Dunham: Minding The Monsters,Matthew McNeil
Indiana Jones and the Raiders of the Lost Ark,Steven Spielberg
Gifted,Marc Webb
Christmas on the Bayou,Leslie Hope
Universal Classic Monsters: Icons of Horror Collection (The Mummy / The Bride of Frankenstein / Phantom of the Opera / Creature from the Black Lagoon) [4K UHD],Arthur Lubin
Universal Classic Monsters: Icons of Horror Collection (The Mummy / The Bride of Frankenstein / Phantom of the Opera / Creature from the Black Lagoon) [4K UHD],Karl Freund
Universal Classic Monsters: Icons of Horror Collection (The Mummy / The Bride of Frankenstein / Phantom of the Opera / Creature from the Black Lagoon) [4K UHD],Jack Arnold
Universal Classic Monsters: Icons of Horror Collection (The Mummy / The Bride of Frankenstein / Phantom of the Opera / Creature from the Black Lagoon) [4K UHD],James Whale
Vicky Cristina Barcelona,Woody Allen
Universal Soldier,Roland Emmerich
George and the Dragon,Tom Reeve
Hummingbirds,Paul Reddish
Revenge of the Nerds,Jeff Kanew
Padmaavat,Sanjay Leela Bhansali
Blood and Chocolate,Katja Von Garnier
Mythica: A Quest For Heroes,Anne K. Black
The Perfect Game,William Dear
Halloween III: Season of the Witch,Tommy Lee Wallace
Sherlock Gnomes,John Stevenson
Carmen & Lola,Arantxa Echevarría
One Special Night,Roger Young
Courage Mountain,LeitchChristopher
Tankers,Konstantin Maksimov
The Dark Knight Rises,Christopher Nolan
Quarantine,John Erick Dowdle
Signs,M. Night Shyamalan
Crawlspace,L. Gustavo Cooper
The Shootist,Don Siegel
A Tale Of Two Cities,Jim Goddard
Ground Control,Richard Howard
True Grit,Ethan Coen
In The Heat Of The Night (1967),---
MYSTERY OF HER,Nicholas DiBella
The Wicker Man (1973),Robin Hardy
TMNT,Kevin Munroe
Secrets of Nazi U-Boat Bases,Kevin Accart
Thunderbolt and Lightfoot,Michael Cimino
The Care Bears Movie,Arna Selznick
#Unfit: The Psychology of Donald Trump,Dan Partland
Welcome To Death Row,Jeff Scheftel
Welcome To Death Row,S. Leigh Savidge
The Last Song,Alan J. Levi
Pleasure,Ninja Thyberg
Bronson,Nicolas Winding Refn
Sicario: Day of the Soldado,Stefano Sollima
Tyler Perry's Diary of a Mad Black Woman - The Play,Tyler Perry
Margrete: Queen of the North (English Dub),Charlotte Sieling
Her Final Fury: The Betty Broderick Story Part II,Dick Lowry
The End Times,Discovery Media Productions
Northanger Abbey,Jon Jones
Touchback,Don Handfield
My Five Wives,Sidney J. Furie
The Man with the Golden Gun,Guy Hamilton
The Bumble Nums - Season 4,Brett Jubinville
The Bumble Nums - Season 4,Laurel Dalgleish
True Heart,Catherine Cyran
WARNER BROS Live Die Repeat: Edge of Tomorrow (4K Ultra HD + Blu-ray + Digital) [4K UHD],Doug Liman
Grave Enounters,The Vicious Brothers
Obsessed,Dae-woo Kim
Raazi,Meghna Gulzar
Scales: Mermaids Are Real,Kevan Peterson
High Tension,Alexandre Aja
Nerve,Henry Joost
Nerve,Ariel Schulman
The Flash (4K Ultra HD + Digital) [4K UHD],Andy Muschietti
Christine,John Carpenter
Saul: The Journey to Damascus,Mario Azzopardi
Pawn Shop Chronicles,Wayne Kramer
Malone,Harley Cokliss
Close Encounters of the Fifth Kind: Contact Has Begun,Michael Mazzola
Accident Man,Jesse V. Johnson
Ladies in Lavender,Charles Dance
Trust Issues,John Richard Walton
Rapture-Palooza,Paul Middleditch
Moonshine Highway,Andy Armstrong
Erzulie,Christine Chen
The Hobbit: An Unexpected Journey (Extended Edition),Peter Jackson
The Transporter Refueled,Camille Delamarre
Chasing Papi,Linda Mendoza
SOUTH PARK: POST COVID,Trey Parker
The Fallout,Megan Park
The Raven (1963),Roger Corman
Acquitted by Faith,Daniel Lusko
1917,Sam Mendes
Buffy the Vampire Slayer,Fran Rubel Kuzui
The November Man,Roger Donaldson
Kathleen Madigan: Madigan Again,Jay Chapman
Bronson,Nicolas Winding Refn
House,Steve Miner
The Good Journey,Tom Whitus
Mike Paramore: You've Just Been Flirted With,Isaac Halasima
Casino,Martin Scorsese
Galaxy Quest,---
Alexander the Great,Robert Rossen
Alexander the Great,Michael Forlong
Parkland: Inside Building 12,Charlie Minn
10 to Midnight,J. Lee Thompson
Peppa Pig - Pumpkin Party,Neville Astley
Peppa Pig - Pumpkin Party,Mark Baker
Hearts of Winter,Allan Harmon
Barbecue,Eric Lavaine
Swimfan,John Polson
Charming the Hearts of Men,S.E. DeRose
Why Did I Get Married?,Tyler Perry
Zulu,Cy Endfield
Sita Ramam,Hanu Raghavapudi
HBO Comedy Hour: George Carlin: You Are All Diseased,Rocco Urbisci
Miss Dial,David Steinberg
Stigmata,Rupert Wainright
Are We Done Yet?,Steve Carr
Fist of the Red Dragon,Chin-Chung Chan
Fist of the Red Dragon,Woo-Ping Yuen
Pocahontas: Beyond the Myth,Molly Hermann
Pocahontas: Beyond the Myth,Rob Lyall
I Saw the Devil(English Subtitled),Kim Jee Woon
Radio,Mike Tollin
Radio,Michael Tollin
Crocs of Katuma,Jochem Van Rijs
Bulletproof Monk,Paul Hunter
Debbie Macomber's Dashing Through the Snow,Kristoffer Tabori
The Purge,James DeMonaco
Daybreakers,Michael Spierig
Daybreakers,Peter Spierig
Astonishing Tales of Terror: Rocktapussy!,Andrew Cymek
The Chinese Ring - Roland Winters As Charlie Chan,William Beaudine
Road House,Rowdy Herrington
Despicable Me,Pierre Coffin
Despicable Me,Chris Renaud
Jeff Dunham: Controlled Chaos,Michael Simon
Jeff Dunham: Controlled Chaos,Matthew McNeil
Friday the 13th,Marcus Nispel
The Twilight Saga: Eclipse - Extended Edition,Timothy Woodward Jr.
Navigating The Heart,David Burton Morris
Repentance,Philippe Caland
Mariah Carey's All I Want For Christmas Is You,Guy Vasilovich
Mother's Day,Garry Marshall
Breathless,Jim McBride
The Warrior Queen of Jhansi,Swati Bhise
Lifeforce,Tobe Hooper
Jason Bourne,Paul Greengrass
Valley Girl,Martha Coolidge
Anything Else,Woody Allen
Bridge of Spies (Theatrical),Steven Spielberg
Road to Perdition,Sam Mendes
The Double,Michael Brandt
Hour Of The Gun,John Sturges
Evil Under the Sun,Guy Hamilton
The Greatest,Shana Feste
Enemy Lines,Anders Banke
Shattering the Silence,Linda Otto
Mission: Impossible IV - Ghost Protocol,Brad Bird
The Prince of Egypt,Brenda Chapman
The Prince of Egypt,Stephen Hickner
The Prince of Egypt,Simon Wells
Ice Cream in the Cupboard,Drew Pollins
Ice Cream in the Cupboard,Pat Moffett
Hellboy: Sword of Storms,Tad Stones
Hellboy: Sword of Storms,Phil Weinstein
16 and Missing,Michael Feifer
Missing In Action,Joseph Zito
Ghostbusters,Ivan Reitman
Chasing Papi,Linda Mendoza
Toby Goes to Camp,Michael Sarna
Dragon,Peter Ho-Sun Chan
The Prodigal Planet,Donald W. Thompson
The Hunt for Red October,John McTiernan
Rusty,Garret Noël
Watching The Detectives,Paul Soter
Love Comes Softly,Michael Landon Jr.
The Dark Side of Everest,Andrew Palmer
The Secret of Moonacre,Gabor Csupo
Princess Alice: The Queen's Mother-In-Law,Rob Coldstream
Jurassic World: Fallen Kingdom,J.A. Bayona
Nelly & Nadine,Magnus Gertten
Lethal Legacy,Joe Carroll
Moana (Bonus Content),Ron Clements
Moana (Bonus Content),John Musker
Honey Boy,Alma Har’el
Jumanji: Welcome to the Jungle,Jake Kasdan
