id,name
0,Nahnatchka Khan
1,Guy Ritchie
2,Alejandra Márquez Abella
3,Don Argott
4,Pierre Coffin
5,Kyle Balda
6,Taylor Sheridan
7,Chris McKay
8,Anne Fletcher
9,Jaume Collet-Serra
10,A.V. Rockwell
11,Rob Letterman
12,Joseph Kosinski
13,Jared Stern
14,James Wan
15,Jonathan Goldstein
16,John Francis Daley
17,Dennis Gansel
18,James Gunn
19,Matt Reeves
20,Justin Lin
21,Trish Sie
22,Nick Cassavetes
23,Catherine Hardwicke
24,Jeff Rowe
25,Kyler Spears
26,Jake Szymanski
27,Antoine Fuqua
28,Jason Moore
29,Colin Trevorrow
30,Bobby Farrelly
31,Mark Baldo
32,Everardo Valerio Gout
33,David Gordon Green
34,Baz Luhrmann
35,Ben Wheatley
36,Derrick Borte
37,Greta Gerwig
38,Todd Phillips
39,Kelly Asbury
40,Sean Anders
41,Tony Gilroy
42,Susanna Fogel
43,M. Night Shyamalan
44,Chad Stahelski
45,Denis Villeneuve
46,Conrad Vernon
47,Aaron Horvath
48,Michael Jelenic
49,Domingo González
50,Jeff Fowler
51,Jimmy Hayward
52,Taylor Hackford
53,Chris Weitz
54,Patty Jenkins
55,Luis Mandoki
56,Michael B. Jordan
57,Gerard Johnstone
58,Zack Snyder
59,Matthew López
60,James Wan
61,Parker Finn
62,Jaira Thomas
63,Darren Lynn Bousman
64,Axelle Carolyn
65,Adam Gierasch
66,Greg Tiernan
67,Conrad Vernon
68,Laura Brousseau
69,Paul Greengrass
70,M. Night Shyamalan
71,Tim Story
72,Eddie Murphy
73,Adam Wingard
74,Scott Derrickson
75,Steven Caple
76,David Ayer
77,Ben Affleck
78,Francis Lawrence
79,Doug Liman
80,Jordan Peele
81,Ceth Watson
82,Martin Campbell
83,Christopher Landon
84,Ilya Naishuller
85,Bart Freundlich
86,Andres Muschietti
87,Rob Reiner
88,Guy Ritchie
89,Martin Campbell
90,Elizabeth Snoderly
91,Richard Alan Reid_
92,Nick Fabiano
93,Hans Petter Moland
94,Adam Arkin
95,---
96,John Erick Dowdle
97,Drew Dowdle
98,Patty Jenkins
99,Christopher Nolan
100,Cal Brunker
101,Alberto Rodriguez
102,Bill Condon
103,Sharon Vaughn
104,Chris McKay
105,Gene Stupnitsky
106,Cary Joji Fukunaga
107,Mike Mitchell
108,Paul Tibbitt
109,Ol Parker
110,Tim Story
111,Michael Spierig
112,Peter Spierig
113,Thomas Leader
114,Raja Gosnell
115,Christopher McQuarrie
116,Danny Philippou
117,Michael Philippou
118,Francis Lawrence
119,Mark Williams
120,Jason Cabell
121,Steven Spielberg
122,Zack Snyder
123,Damien Leone
124,Frank Coraci
125,Christopher McQuarrie
126,Adam Nee
127,Aaron Nee
128,Jason Cabell
129,Leon Ding
130,Shannon Houchins
131,Potsy Ponciroli
132,Michael Chaves
133,Brittany Underwood
134,David Alaux
135,Kyle Marvin
136,Matt Bettinelli-Olpin
137,Tyler Gillett
138,Raja Gosnell
139,Channing Tatum
140,Reid Carolin
141,David Sandberg
142,Darrell James Roodt
143,Antoine Fuqua
144,Bruce Beresford
145,Gerard Johnstone
146,Darren Lynn Bousman
147,Jamie Whitney
148,Olivier Dahan
149,Mike McCoy
150,Scott Waugh
151,Jody Hill
152,James Mangold
153,Tim Story
154,Jaira Thomas
155,Tom Brady
156,David Hunt
157,Steven Miller
158,Darren Lynn Bousman
159,Andy Tennant
160,Robert Luketic
161,Elliott Lester
162,Darren Lynn Bousman
163,Bill Condon
164,Elliott Lester
165,Andy Tennant
166,Chris Miller
167,Mark S. Allen
168,Julie Anne Robinson
169,Jamie Linden
170,Tommy Wirkola
171,John Barr
172,Jalmari Helander
173,Michael Schwartz
174,Tyler Nilson
175,Baltasar Kormakur
176,Nora Ephron
177,Michael Cristofer
178,Jonathan Lynn
179,Jonathan Liebesman
180,Andy Tennant
181,Charles Herman-Wurmfeld
182,Eric Summer
183,Eric Warin
184,Jennifer Yuh Nelson
185,Martin Campbell
186,Christine Nielsen
187,Tim Burton
188,Akiva Schaffer
189,Ted Demme
190,Mike Nichols
191,Bobby Yan
192,Afonso Poyart
193,Brett Ratner
194,Baltasar Kormakur
195,Walt Becker
196,Sam Raimi
197,David Twohy
198,Sam Raimi
199,Biodun Stephen
200,Charles Barton
201,Christine Nielsen
202,Ryûhei Kitamura
203,Jonas Akerlund
204,Brad Furman
205,John Lee Hancock
206,Zack Snyder
207,Rob L. Cohen
208,Angel Manuel Solo
209,Nelson
210,Michael Bay
211,Reinaldo Marcus Green
212,Jérémie Degruson
213,Ben Stassen
214,Pedro Pablo Ibarra
215,"""Pitipol Ybarra"""
216,Jonathan Lynn
217,Henry Selick
218,Andy Muschietti
219,Bennett Miller
220,Jamie Blanks
221,Celso García
222,Stephen Herek
223,Raja Gosnell
224,Kevin Hooks
225,Neill Blomkamp
226,Nia DaCosta
227,Todd Holland
228,Chris Columbus
229,Danny Wolf
230,Terence Young
231,Bill Duke
232,Celso García
233,Tim Burton
234,Agnieszka Wojtowicz-Vosloo
235,Nelson
236,John Krasinski
237,ean-Jacques Annaud
238,Lin Oeding
239,Steve McQueen
240,Ken Kwapis
241,Jeff Tremaine
242,Darren Lynn Bousman
243,Baltasar Kormákur
244,Baltasar Kormakur
245,Oliver Daly
246,Nia Vardalos
247,Jared Hess
248,Zack Snyder
249,Rod Daniel
250,Robert Luketic
251,Gren Wells
252,Patrick Wilson
253,Renny Harlin
254,Jeff Wadlow
255,Susan Seidelman
256,Roland Emmerich
257,Alex Ranarivelo
258,Brad Furman
259,F. Gray
260,Oliver Daly
261,Terence Young
262,Steve Barron
263,Steve Barron
264,Alex Ranarivelo
265,Brad Furman
266,Matt Bettinelli-Olpin
267,Tyler Gillett
268,Maurice Mo' Jones
269,Wes Craven
270,Ami Canaan Mann
271,David Ayer
272,Allen Coulter
273,Jacob Chase
274,Peter Segal
275,Brian Baugh
276,Alexs Stadermann
277,Joaquim Dos Santos
278,Kemp Powers
279,Justin K. Thompson
280,Christian Faure
281,Mark Haber
282,Edgar Wright
283,---
284,Stephen Chiodo
285,David Twohy
286,Joe Johnston
287,---
288,Mark Haber
289,Mark Waters
290,Olivier Megaton
291,Robin Wright
292,Vic Armstrong
293,Christian Faure
294,Sam Mendes
295,Matt Angel
296,Simon Curtis
297,Jonathan Hensleigh
298,Anthony Leondis
299,Sam Raimi
300,Carl Reiner
301,Sun Haipeng
302,Gary Winick
303,Tony Giglio
304,Rupert Wyatt
305,Chuck Russell
306,Stuart Gillard
307,Chris Evans
308,Robert Stromberg
309,Christian Alvart
310,Hamish Grieve
311,Derrick Hammond
312,Emerald Fennell
313,Stefan Ruzowitzky
314,Joe Johnston
315,Hamish Grieve
316,Derrick Hammond
317,Emerald Fennell
318,Christian Alvart
319,Dick Lowry
320,Rupert Wyatt
321,Ron Shelton
322,Vadim Kapridov
323,Wendy Faraone
324,Luc Besson
325,Mick Garris
326,
327,Guillermo Del Toro
328,James Dodson
329,Arthur Marks
330,Wattsenglish Ltd.
331,Will McFadden
332,
333,Jean-Jacques Annaud
334,Stephen Hillenburg
335,Mark Osborne
336,Simon Curtis
337,Thomas Bezucha
338,Shimon Dotan
339,Donald Petrie
340,Raja Gosnell
341,Harold Becker
342,Eli Gonda
343,Richard Claus
344,Karsten Kiilerich
345,Steve Pink
346,Chris Columbus
347,
348,Julius Avery
349,Julius Avery
350,Holger Tappe
351,Tod Browning
352,Adrian Powers
353,Richard Claus
354,Karsten Kiilerich
355,nbcu
356,Marc Forster
357,Joe Carnahan
358,Colin Trevorrow
359,David Hackl
360,Michael Tiddes
361,Robert Harmon
362,Yann Demange
363,Christopher Nolan
364,Mark Williams
365,Scott Pryor AND Gloria Stella
366,Nick Gillam-Smith
367,Colm McCarthy
368,Mark Williams
369,Tim Searfoss
370,---
371,John Carpenter
372,Jim Field Smith
373,Stephen Maxwell Johnson
374,Tim Hill
375,Jeannot Szwarc
376,Scott Pryor AND Gloria Stella
377,Aaron Horvath
378,---
379,Emile Ardolino
380,Xavier Gens
381,José Padilha
382,Andre Ovredal
383,Christopher Nolan
384,nbcu
385,Julius Onah
386,Robert Harmon
387,Barry Sonnenfeld
388,Kriv Stenders
389,Michael Damian
390,Tom Vaughan
391,
392,Ethan Coen
393,Lexi Alexander
394,David Hackl
395,Peter Howitt
396,Marcus Raboy
397,Jason Reitman
398,William Kaufman
399,Darnell Martin
400,Dick Lowry
401,Sameer Vidwans
402,Chris Weitz
403,Jeff Fowler
404,William Brent Bell
405,Kathryn Bigelow
406,Seth Gordon
407,Andy Serkis
408,Adil El Arbi
409,Bilall Fallah
410,Jaume Serra
411,Stephen Susco
412,Bo Welch
413,Marjane Satrapi
414,Rupert Wyatt
415,
416,Kevin Connolly
417,Mike Flanagan
418,T.J. Scott
419,Paul Greengrass
420,Richard Gray
421,Breck Eisner
422,Anthony Fabian
423,Diederik Van Rooijen
424,McG
425,Sarah Polley
426,Tarik Saleh
427,Michael Radford
428,Antoine Fuqua
429,Robert Schwentke
430,Clax
431,Charles Stone III
432,John Carpenter
433,Gavin O'Connor
434,Woody Allen
435,Andre Ovredal
436,Oran Zegman
437,Thomas Purifoy Jr.
438,Stanley Kubrick
439,Robert Luketic
440,Quentin Tarantino
441,Reinaldo Marcus Green
442,Craig Mazin
443,T.J. Scott
444,Ben Stassen
445,Mimi Maynard
446,John Hughes
447,Rob Cohen
448,Sean Anders
449,Victor Salva
450,Thomas Purifoy Jr.
451,Kevin Greutert
452,Jason Lei Howden
453,Stanley Kubrick
454,Neil LaBute
455,Ben Stassen
456,Mimi Maynard
457,David Koepp
458,Pierre Gang
459,John Wells
460,Rob Cohen
461,Peter Askin
462,Howard Hawks
463,George Waggner
464,Craig Goldstein
465,
466,Robert Luketic
467,Joon-ho Bong
468,William Beaudine
469,Scott Mosier
470,Yarrow Cheney
471,Matt Russell
472,Dallas Jackson
473,Kevin Greutert
474,Maria Schrader
475,---
476,Kerem Sanga
477,Ric Roman Waugh
478,Richard Ramsay
479,Louis Leterrier
480,Darren Aronofsky
481,Jean-François Richet
482,Eli Craig
483,Javier Veiga
484,Gary Fleder
485,Jon Erwin
486,Andrew Erwin
487,Deon Taylor
488,Joel Souza
489,JASON ORLEY
490,Simon Wincer
491,Damián Romay
492,Gabriela Cowperthwaite
493,Henry Joost
494,Ariel Schulman
495,Alan Poul
496,Cemal Alpan
497,Sean Anders
498,Tommy Wirkola
499,Scott Windhauser
500,Andrew Niccol
501,Jon Turteltaub
502,Alfonso Cuaron
503,Sean Anders
504,Dennie Gordon
505,Terry Ingram
506,Rob Reiner
507,Luke Scott
508,Charles Stone III
509,Joel Souza
510,Deon Taylor
511,Doug Campbell
512,Steven Spielberg
513,Costner
514,Kevin
515,Blair Hayes
516,Anne Fletcher
517,Andrew Niccol
518,Jake Kasdan
519,Rob Reiner
520,Adele Lim
521,Hemanth M Rao
522,Peter Farrelly
523,Bobby Farrelly
524,Kelly Asbury
525,Lorna Cook
526,
527,Charles Stone III
528,Gavin Wiesen
529,Luke Scott
530,Doug Campbell
531,Kathryn Bigelow
532,Karl Freund
533,John Curran
534,Quentin Tarantino
535,Paul McGuigan
536,Hemanth M Rao
537,Francis Annan
538,Robin Pront
539,Adrian Grünberg
540,Craig McMahon
541,Robert Luketic
542,Breck Eisner
543,
544,Robert Rodriguez
545,Stevin John
546,Mel Gibson
547,Stephen Cognetti
548,Martin Scorsese
549,Ben Ryder
550,Jon Watts
551,Albert Hughes
552,Martin Scorsese
553,Ben Ryder
554,Christopher Cain
555,Steven Quale
556,J.M. Berrios
557,Director X.
558,Director X. X
559,Troy Duffy
560,Tim Wolochatiuk
561,John Carpenter
562,Chris Columbus
563,John Requa
564,Glenn Ficarra
565,Bertrand Tavernier
566,Tim Allen
567,MarVista Entertainment
568,Inc.
569,Chris Columbus
570,Christian Tureaud
571,David Salzberg
572,Antti Jokinen
573,Scott Speer
574,Douglas Barr
575,Fred Schepisi
576,Paul Aaron
577,Andy Tennant
578,Francis Annan
579,Karl Holt
580,E.W. Swackhamer
581,Douglas Barr
582,Anne Fletcher
583,Adisa
584,Katie Green
585,Carlye Rubin
586,Max Fleischer
587,Jack Gold
588,Martin Campbell
589,Walt Becker
590,Takashi Doscher
591,J.A. Bayona
592,Juan Campanella
593,Pat Proft
594,Seth Gordon
595,Vadim Kapridov
596,Tammy Langton
597,Michael Chaves
598,Nic Young
599,Ron Howard
600,Scott Leaver
601,Darren Lynn Bousman
602,Stephen Chbosky
603,Steven Spielberg
604,Ric Waugh
605,Ric Roman Waugh
606,Blair Hayes
607,Michael O. Sajbel
608,John Hillcoat
609,James Cameron
610,Ridley Scott
611,---
612,Marius Vaysberg
613,Young Min Kim
614,Terence Young
615,John Stimpson
616,Paul Feig
617,Peter Hyams
618,Barry Sonnenfeld
619,James Gray
620,Martin Campbell
621,Mike Corbera
622,Vadim Kapridov
623,Adam McKay
624,Robert Schwentke
625,
626,Phil Lord
627,Christopher Miller
628,Chris Miller
629,Sean McNamara
630,Craig Brewer
631,Pitof
632,Kevin Bray
633,Rob Reiner
634,John Irvin
635,Sam Weisman
636,Pierre Morel
637,Jon Watts
638,Piers Garland
639,Justin Rossbacher
640,Kenn Christenson
641,Jon Watts
642,Chris Columbus
643,Mark Waters
644,Sean McNamara
645,Daniel Lee
646,Chuck Whitman
647,Jan Tenhaven
648,Edward Zwick
649,Craig Brewer
650,Sam Weisman
651,Nahala Johnson
652,James Hunter
653,Mike Newell
654,Yeon Sang-ho
655,Drew Goddard
656,Carlos Brooks
657,Laura Terruso
658,Amy Heckerling
659,Donald Petrie
660,Andy Muschietti
661,David Ayer
662,Antoine Fuqua
663,Jon Cassar
664,Werner Herzog
665,Dmitry Vasyukov
666,James Hunter
667,Christopher McQuarrie
668,Chris Miller
669,Peter Winther
670,Brian De Palma
671,Rogue Rubin
672,Noel Cleary
673,Alan Metzger
674,Rogue Rubin
675,James E. Dunford
676,Tyler Perry
677,Ronny Yu
678,Shea Sizemore
679,Dave Green
680,Scott Waugh
681,Luc Besson
682,
683,Brian Cates
684,Gary Fleder
685,Peter Winther
686,Werner Herzog
687,Dmitry Vasyukov
688,Matt Eskandari
689,Dearden
690,Basil
691,Liz Tuccillo
692,Diane Keaton
693,Babak Najafi
694,Brian Volk Weiss
695,Antoine Fuqua
696,Tammy Langton
697,David Ayer
698,Not Specified
699,Betty Thomas
700,Philip Kaufman
701,KIM Yong-hwa
702,Michael Chaves
703,"Robert ""Bobby"" Moresco"
704,Daniel Scheinert
705,Dan Kwan
706,Paul Haggis
707,David Ayer
708,Lou Adler
709,Pichel
710,Irving
711,Alexander Yellen
712,"Guillaume ""Run"" Renard"
713,Shojiro Nishimi
714,Liesl Tommy
715,John Glen
716,Pitof
717,Michel Gondry
718,
719,Adrian Lyne
720,Roman Polanski
721,Brian Levant
722,Sydney Pollack
723,Fred Zinnemann
724,Peter Weir
725,Eytan Rockaway
726,Ti West
727,Dan Trachtenberg
728,Mark Rydell
729,Stephen Norrington
730,Lance W Dreesen
731,Piers Garland
732,Bharat Nalluri
733,Robert Schwentke
734,Jack C. Newell
735,Tom Gormican
736,Marc Turtletaub
737,Ruben Fleischer
738,George Miller
739,Christopher McQuarrie
740,Gore Verbinski
741,Metter
742,Alan
743,Tom Gormican
744,Gore Verbinski
745,Michael Chaves
746,Ti West
747,Samuel Bodin
748,Tim Burton
749,Adam Wingard
750,Nancy Bardawil
751,Ihtzi Hurtado
752,Assaf Bernstein
753,Terence Young
754,Travis Beacham
755,Kevin Smith
756,Paul Shapiro
757,Rob Savage
758,Gabriela Cowperthwaite
759,Josh Tickell
760,Rebecca Tickell
761,David S. Ward
762,Gary Yates
763,Robert Zemeckis
764,Luc Besson
765,Yoko Okumura
766,Randa Haines
767,John Hough
768,Miranda Bailey
769,Jerry Rees
770,Trevor White
771,Kevin Reynolds
772,Bart Layton
773,Rick Rosenthal
774,Ivan Reitman
775,Sean Mcnamara
776,Zach Braff
777,Chris Butler
778,Sam Fell
779,Bruce Beresford
780,Bart Layton
781,John Hough
782,Rick Rosenthal
783,John Cameron Mitchell
784,Xavier Gens
785,Lewis Gilbert
786,Jerry Rees
787,David C. Coffin
788,Blake Edwards
789,Eric Schaeffer
790,Rolf Forsberg
791,Peter Jackson
792,Samuel Bayer
793,Francis Ford Coppola
794,
795,Ti West
796,David Ayer
797,Todd Phillips
798,David Frankel
799,Kevin Heffernan
800,Yoko Okumura
801,Rob Savage
802,Marc Forster
803,Jon Watts
804,Mark Palansky
805,Dave Wilson
806,Simon West
807,Sean Mcnamara
808,Anna Foerster
809,Tim Burton
810,Mike Johnson
811,Blake Edwards
812,Peter Benson
813,Craig R. Baxley
814,Timothy Woodward Jr.
815,Lara Shapiro
816,Daniel Stamm
817,Kazuaki Kiriya
818,Morten Tyldum
819,Darren Aronofsky
820,Betty Thomas
821,Jonathan Frakes
822,Tosca Musk
823,Brian A. Miller
824,Alan Taylor
825,James Foley
826,Randal Kleiser
827,Wes Craven
828,Adrian Lyne
829,Daniel Espinosa
830,Martin Guigui
831,Tony Kaye
832,Frank Coraci
833,Peter Benson
834,Stephen Sommers
835,Darren Aronofsky
836,Breck Eisner
837,Giuseppe Tornatore
838,Roland Emmerich
839,Mike Mitchell
840,Walt Dohrn
841,James Gunn
842,Steven Spielberg
843,D.J. Caruso
844,J.D. Dillard
845,Markiss McFadden
846,Peter Hedges
847,James Gunn
848,Mat Hodgson
849,Matthew Vaughn
850,Alfred Hitchcock
851,Jeremy Garelick
852,Ron Oliver
853,Brian A. Miller
854,Greg Glienna
855,Craig R. Baxley
856,Nacho G. Velilla
857,Tim Burton
858,John Frankenheimer
859,John Duigan
860,David Yates
861,Joe Johnston
862,Michael Chaves
863,Denzel Washington
864,Ronald Neame
865,Kazuaki Kiriya
866,Vanessa Bell Calloway
867,Zoe Clarke-Williams
868,Walter Hill
869,Fritz Kiersch
870,Jonathan Sobol
871,Brittany Wiscombe
872,Stephen Gyllenhaal
873,Wayne Wang
874,Richard Fleischer
875,Brian Brough
876,Arthur Marks
877,Ernest Dickerson
878,John Ford
879,John Ford
880,David DeCoteau
881,Jocelyn Moorhouse
882,Richard Correll
883,Craig Clyde
884,Larry Shaw
885,James Whale
886,Janaya Black
887,Emma Seligman
888,Max Fleischer
889,Tex Avery
890,Lewis Gilbert
891,Denis Villeneuve
892,Damian Lee
893,Gregg Champion
894,Guy Nattiv
895,Paul Anderson
896,Mel Gibson
897,Robert Zemeckis
898,Tony Cervone
899,
900,Carlos Saldanha
901,MarVista Entertainment
902,Inc.
903,Darren Lynn Bousman
904,David S. Goyer
905,Corin Hardy
906,Martin McDonagh
907,Jennifer Chambers Lynch
908,Cary Joji Fukunaga
909,Cary Fukunaga
910,Regardt van den Bergh
911,Jonathan Levine
912,Steven Brill
913,Jerry London
914,Scott Cooper
915,Marc Meyers
916,Steve Rash
917,Lloyd Kramer
918,Dwight H. Little
919,Roger Spottiswoode
920,Brian Robbins
921,Wes Craven
922,John Krasinski
923,Neil Marshall
924,Zack Snyder
925,---
926,Adam Wingard
927,Glenn McQuaid
928,Geoff Anderson
929,Fred Olen Ray
930,Trey Haley
931,Tim Burton
932,Lee Daniels
933,Jim Sonzero
934,Not Specified
935,Guy Ritchie
936,Tim Hill
937,Ryan Kwanten
938,Sara Canning
939,Peter Sullivan
940,Danny Roth
941,Nadeem Soumah
942,Roman Polanski
943,Christine Swanson
944,James Wong
945,Dwight H. Little
946,Garth Jennings
947,Ryan Fleck
948,Takashi Yamazaki
949,Peter Hyams
950,Michael Tiddas
951,Adam Wingard
952,Glenn McQuaid
953,Jeffrey Reiner
954,James F. Collier
955,Check Six Productions Inc
956,Rodney Gibbons
957,Carl Schenkel
958,Fred Wolf
959,Lewis Gilbert
960,Artie Mandelberg
961,---
962,Simon West
963,John Hankey
964,Gregory Wilson
965,Keoni Waxman
966,Jessica Harmon
967,Peter Farrelly
968,Bobby Farrelly
969,Andrew V. McLaglen
970,Gary Lang
971,Dianne Houston
972,Chris Zonas
973,Mick Jackson
974,David Yates
975,Jay Chandrasekhar
976,Courtney Glaude
977,Neil Burger
978,Dianne Houston
979,Sam Raimi
980,Mick Jackson
981,T.W. Peacocke
982,David Yates
983,Jay Chandrasekhar
984,Michael Winner
985,Nadeem Soumah
986,David DeCoteau
987,Steve Rash
988,Brian Brough
989,Lloyd Kramer
990,David Wolfgang
991,Bill Engvall
992,Rocco Urbisci
993,Darren Lynn Bousman
994,David Yates
995,Marc Forster
996,Rob Zombie
997,Ben Sempey
998,Kristoffer Tabori
999,William Kaufman
1000,Joel Coen
1001,Ethan Coen
1002,Tom Gormican
1003,Marc Forster
1004,Renny Harlin
1005,Brad Anderson
1006,Scott Derrickson
1007,Elodie Keene
1008,Brian Robbins
1009,Bibo Bergeron
1010,Don Paul
1011,Kevin Greutert
1012,Sam Irvin
1013,Terence Fisher
1014,Jay Kanzler
1015,John Murlowski
1016,Kristoffer Tabori
1017,David Jones
1018,Asif Akbar
1019,Will Harper
1020,Kim Jee-Woon
1021,Deran Sarafian
1022,Ken Kwapis
1023,John Hankey
1024,---
1025,Sarik Andreasyan
1026,Steve Conrad
1027,Ed Stone
1028,Mitja Okorn
1029,Kelly Richmond Pope
1030,Steven C. Miller
1031,Jay Kanzler
1032,Peter Graham Scott
1033,Anthony Nardolillo
1034,Ed Stone
1035,Lee Jeong-beom
1036,Danny A. Abeckaser
1037,Karam Gill
1038,Dennie Gordon
1039,Christine Jeffs
1040,Marius Markevicius
1041,Deon Taylor
1042,Max Fleischer
1043,universal
1044,Zuko Nodada
1045,Rawson Marshall Thurber
1046,Jeffrey W. Byrd
1047,Daniel Roby
1048,Troy Szebin
1049,---
1050,Ken Kwapis
1051,Mel Brooks
1052,Carter Smith
1053,Joe Dante
1054,Nick Gomez
1055,Roger Michell
1056,Celine Song
1057,Mike Johnson
1058,Tim Burton
1059,Michael Bay
1060,Alan C. Blomquist
1061,Tyler Perry
1062,Richard Linklater
1063,Roger Donaldson
1064,Griffin Dunne
1065,Grady Candler
1066,Howard McCain
1067,Simon West
1068,Emily Moss Wilson
1069,Joe Wright
1070,Adam Robitel
1071,Mike Marvin
1072,Steve Oedekerk
1073,Eduardo Sanchez
1074,Andrzej Bartkowiak
1075,Alexandre Aja
1076,
1077,Richard Glatzer
1078,Wash Westmoreland
1079,Michael Ritchie
1080,Joaquim Dos Santos
1081,Kemp Powers
1082,Shawn Levy
1083,Don Taylor
1084,Richard Gabai
1085,Lee Tamahori
1086,Chuck Konzelman
1087,Cary Solomon
1088,Neil Burger
1089,James Cameron
1090,Kelly Fremon Craig
1091,James Wong
1092,Clive Barker
1093,Tolu LordTanner
1094,Tom Holland
1095,Tom Hooper
1096,T.J. Scott
1097,Richard Rich
1098,Clive Barker
1099,Roger Donaldson
1100,Wes Ball
1101,Terence Young
1102,Sam Taylor-Johnson
1103,Eliza Schroeder
1104,Justin Lin
1105,Abi Damaris Corbin
1106,Peter Farrelly
1107,Bobby Farrelly
1108,Michael Gornick
1109,Joel Coen
1110,Urs Egger
1111,Tom Holland
1112,Dagur Kári
1113,Dagur Kari
1114,Joel Coen
1115,Dominique Othenin-Girard
1116,David Koepp
1117,Julie Anne Robinson
1118,---
1119,Valerie Buhagiar
1120,Valerie Scoon
1121,Bobby Farrelly
1122,Peter Farrelly
1123,Roger Donaldson
1124,Richard Rich
1125,Syd Macartney
1126,Gary Wheeler
1127,Various
1128,Judd Apatow
1129,Eugene Levy
1130,Ramón Menéndez
1131,Pedro Almodóvar
1132,T.J. Scott
1133,Eirik Svensson
1134,Rob Reiner
1135,Barry Battles
1136,Paul Ziller
1137,Nicholas Jarecki
1138,Terry Ingram
1139,---
1140,Alejandro Gonzalez Inarritu
1141,Robert Mulligan
1142,Doug Liman
1143,Rob Diamond
1144,Urs Egger
1145,Jay Duplass
1146,Mark Duplass
1147,Rick Bieber
1148,John Guillermin
1149,Leo Sullivan
1150,Gary Dauberman
1151,---
1152,Not Specified
1153,David O. Russell
1154,---
1155,Alejandro Gonzalez Inarritu
1156,Dominique Othenin-Girard
1157,Bruce Beresford
1158,Johannes Roberts
1159,Michael Pressman
1160,Heitor Dhalia
1161,Peter Jackson
1162,Martin Campbell
1163,Damon Dash
1164,David Daniel
1165,Phil Lord
1166,Christopher Miller
1167,Tanya Wexler
1168,Leo Sullivan
1169,Casey Lascala
1170,Steven Spielberg
1171,Jason Mac
1172,Ben Anthony
1173,John Guillermin
1174,Don Coscarelli
1175,Joe Chappelle
1176,Claire Oakley
1177,
1178,
1179,Peter Jackson
1180,Brett Donowho
1181,Keenen Ivory Wayans
1182,Gary Dauberman
1183,Stephen Bridgewater
1184,Fede Alvarez
1185,Tim Burton
1186,Not Specified
1187,Jeremy Berger
1188,David Schwimmer
1189,Van Maximilian Carlson
1190,David Yates
1191,Mithran Jawahar
1192,Chris Columbus
1193,Alfonso Cuarón
1194,Mike Newell
1195,David Yates
1196,
1197,Matthew Miele
1198,John Badham
1199,William Kaufman
1200,Dominic Sena
1201,
1202,Lewis Gilbert
1203,Guy Hamilton
1204,Burt Kennedy
1205,James Wan
1206,Susanna White
1207,Bilbo Bergeron
1208,Deborah LaVine
1209,Nick Cassavetes
1210,Michael Showalter
1211,Angelo J. Guglielmo Jr.
1212,Vincent Kesteloot
1213,Ben Stassen
1214,J. Lee Thompson
1215,Robert Mandel
1216,Bill Holderman
1217,Tom Dey
1218,Wes Craven
1219,Ridley Scott
1220,Dominic Cooke
1221,Steven Spielberg
1222,Louis Morneau
1223,Philip Martin
1224,Roger Spottiswoode
1225,Randall Fontana
1226,Brian Volk-Weiss
1227,Howard E. Baker
1228,John Fox
1229,Scott Derrickson
1230,Kirk Jones
1231,Paul W.S. Anderson
1232,Joan Chen
1233,Will Sharpe
1234,James Cullen Bressack
1235,Paul Leyden
1236,Joel Schumacher
1237,
1238,Simon Kaijser
1239,David Sandberg
1240,Bill Holderman
1241,Lewis Teague
1242,Vash
1243,Eric Darnell
1244,Tom McGrath
1245,Dominic Sena
1246,Michael Dougherty
1247,Martin Scorsese
1248,Gore Verbinski
1249,James Watkins
1250,Tony Collingwood
1251,Francois Simard
1252,Anouk Whissell
1253,Yoann-Karl Whissell
1254,Brian Brough
1255,Peter Jackson
1256,Jorge Gutierrez
1257,Lana Wachowski
1258,Scott Cooper
1259,Heitor Dhalia
1260,Frank Darabont
1261,David Mickey Evans
1262,David J. Evans
1263,David M. Evans
1264,Goran Stolevski
1265,Tyler Perry
1266,greta gerwig
1267,
1268,Brett Ratner
1269,Tyler Perry
1270,Terry Miles
1271,Scott Stewart
1272,Michael Lembeck
1273,Jonathan Keijser
1274,Alex Wright
1275,
1276,Hype Williams
1277,Henry Hathaway
1278,Alexandra Swarens
1279,Han Sang-ho
1280,Joel Viertel
1281,Andrew C. Erin
1282,Scott Heming
1283,Andrei Svislotski
1284,Lightship Entertainment
1285,---
1286,Charles Matthau
1287,Stanley Kubrick
1288,Paul Anderson
1289,Paul W.S. Anderson
1290,Robert Berlinger
1291,Henry Hathaway
1292,Mamoru Oshii
1293,Robert Mandel
1294,
1295,Burt Kennedy
1296,Andrew Cymek
1297,Alfred Robbins
1298,Bob Persichetti
1299,Peter Ramsey
1300,Rodney Rothman
1301,Christine Crokos
1302,Tony Scott
1303,William H. Macy
1304,Tony Scott
1305,
1306,Sam Jaeger
1307,Shannon Alexander
1308,Tim Burton
1309,Manny Rodriguez
1310,Virginie Linhart
1311,Stefan Scaini
1312,
1313,Phil Lord
1314,Christopher Miller
1315,Ron Howard
1316,Josh Boone
1317,Dylan Kidd
1318,Adam Green
1319,Michael Ritchie
1320,Henry Selick
1321,Terence Young
1322,Cameron Crowe
1323,J.J. Abrams
1324,Michael Bay
1325,Peter Duffell
1326,Alastair Orr
1327,Steve Pink
1328,Joaquim Dos Santos
1329,Kemp Powers
1330,Justin K. Thompson
1331,Chris Wedge
1332,Carlos Saldanha
1333,
1334,John Glen
1335,Josh Boone
1336,Sergio Leone
1337,Michael Ritchie
1338,Paul Schneider
1339,Sergio Leone
1340,Roger Spottiswoode
1341,Adam Green
1342,
1343,Tibor Takács
1344,Bo Zenga
1345,Ekachai Uekrongtham
1346,Martin Brest
1347,Tibor Takacs
1348,Sung-su Kim
1349,James Gunn
1350,Jon Favreau
1351,John Stockwell
1352,Doug Dearth
1353,Drew Heriot
1354,Michael Bay
1355,Ridley Scott
1356,Ian Samuels
1357,
1358,David Guy Levy
1359,Tyler Perry
1360,David Winning
1361,John R. Leonetti
1362,Nadine Crocker
1363,Cathy Yan
1364,Shannon Alexander
1365,Vincent Kesteloot
1366,Ben Stassen
1367,Mimi Maynard
1368,Kelly Noonan Gores
1369,Adam Schomer
1370,Rob Marshall
1371,Charles Murray
1372,Charles Murray
1373,Lluís Quílez
1374,Terry Ingram
1375,Mike Mitchell
1376,Gary Wheeler
1377,Nadine Crocker
1378,Miner
1379,Steve
1380,David Winning
1381,Vincent Kesteloot
1382,Ben Stassen
1383,Mimi Maynard
1384,greta gerwig
1385,John R. Leonetti
1386,Paul Bartel
1387,Thomas McCarthy
1388,J. Lee Thompson
1389,Shang Ming
1390,Si Lin
1391,Nicholas Stoller
1392,Shaka King
1393,John Patrick Kelley
1394,John Lee Hancock
1395,Coke Daniels
1396,David Gelb
1397,James Gunn
1398,Scott Beck
1399,Bryan Woods
1400,Paul Schrader
1401,Borzage
1402,Frank
1403,Jeremy Kagan
1404,Cathy Yan
1405,Patrick Lussier
1406,Greg James
1407,Audie Harrison
1408,Ryan Phillippe
1409,
1410,Pierre Stine
1411,James Cameron
1412,Paul Weitz
1413,Timothy Woodward Jr.
1414,Johnny Strong
1415,William Kaufman
1416,Rob L. Cohen
1417,Rob Cohen
1418,Ramaa Mosley
1419,William Wyler
1420,James Signorelli
1421,Paul Schneider
1422,Mike Nell
1423,Martin Scorsese
1424,Raja Gosnell
1425,Alfonso Arau
1426,T.C. Christensen
1427,Jeff Beesely
1428,Anthony Russo
1429,Joe Russo
1430,Jeff Tomsic
1431,Barry Sonnenfeld
1432,John Pogue
1433,Ron Oliver
1434,Quentin Tarantino
1435,Dean Parisot
1436,Scott Speer
1437,Kenji Tanigaki
1438,Peter Sohn
1439,Simon Kinberg
1440,Andrew Fleming
1441,Christine Will Wolf
1442,Joel Schumacher
1443,Tony Scott
1444,Simon Wincer
1445,Bryan Singer
1446,Chris Renaud
1447,Craig Brewer
1448,Sindhu Sreenivasa Murthy
1449,Ed Gass-Donnelly
1450,
1451,John Irvin
1452,Delbert Mann
1453,Sam Miller
1454,
1455,Timothy Bond
1456,Brian Gilbert
1457,Craig Moss
1458,Jay Karas
1459,John Hillcoat
1460,Rick Rosenthal
1461,
1462,Terry Miles
1463,Timothy Bond
1464,Jeremy Kagan
1465,Brad Silberling
1466,Richard Attenborough
1467,Howard Hawks
1468,Brad Silberling
1469,Craig Brewer
1470,Billy Wilder
1471,Rick Rosenthal
1472,Edward L. Cahn
1473,Michael Anderson
1474,Ramaa Mosley
1475,
1476,Kenneth Branagh
1477,Alex Pastor
1478,David Pastor
1479,Laurie Lynd
1480,Howard Hawks
1481,Kenneth Branagh
1482,
1483,Joe Wiecha
1484,Richard Attenborough
1485,Claudia Myers
1486,Michael Scott
1487,Isaac Halasima
1488,Jonathan Salemi
1489,Garth Jennings
1490,Martin Campbell
1491,Gil Kenan
1492,Brad Silberling
1493,Sydney Pollack
1494,F. Gary Gray
1495,Malcolm Lee
1496,Malcolm D. Lee
1497,Gary Sinise
1498,John Lyde
1499,Roman Polanski
1500,John Davis
1501,Tamra Davis
1502,Paul Tibbitt
1503,Mike Mitchell
1504,Paul Haggis
1505,Nora Ephron
1506,---
1507,Mick Jackson
1508,Various
1509,Cess Silvera
1510,C.B. Harding
1511,Martin Scorsese
1512,Jeannot Szwarc
1513,Billy Wilder
1514,Joseph Zito
1515,Eugenio Derbez
1516,Peter DeLuise
1517,Brian Brough
1518,
1519,Brad Silberling
1520,Scott Z. Burns
1521,
1522,Benny Boom
1523,Peter Jackson
1524,Thea Sharrock
1525,Vicky Jenson
1526,Andrew Adamson
1527,Rob Epstein
1528,Jeffrey Friedman
1529,Craig Clyde
1530,Andy Muschietti
1531,Tim Burton
1532,Brett Ratner
1533,David Poag
1534,Dax Shepard
1535,David Palmer
1536,Geoffrey Sax
1537,Graeme Campbell
1538,Ed Hunt
1539,Jim McBride
1540,Jeff Woolnough
1541,Edward L. Cahn
1542,Chaz Thorne
1543,Panos Cosmatos
1544,Christian Petzold
1545,Iscove
1546,Robert
1547,
1548,Geoffrey Sax
1549,Joel Crawford
1550,Januel P. Mercado
1551,Farren Blackburn
1552,David Hayter
1553,Brian Volk-Weiss
1554,James Gunn
1555,George C. Wolfe
1556,Terry Ingram
1557,John Lee Hancock
1558,Jeff Rowe
1559,Kyler Spears
1560,Nicolás López
1561,Chaz Thorne
1562,John Sturges
1563,Michael Webber
1564,Graeme Campbell
1565,John Glen
1566,Bryan Singer
1567,James F. Robinson
1568,Tim Hunter
1569,John Sturges
1570,Jay Levey
1571,Neil Jordan
1572,Not Specified
1573,Richard LaGravenese
1574,Joe Lynch
1575,Jesse Peretz
1576,Martin Brest
1577,Jeff Wadlow
1578,Stanley Isaacs
1579,Bharat Nalluri
1580,Nicolás López
1581,Tom Getty
1582,Trey Parker
1583,Genndy Tartakovsky
1584,
1585,Wayne Rose
1586,Steven Knight
1587,James Foley
1588,Bomani J. Story
1589,Stephen Hopkins
1590,Howard Deutch
1591,David Hayter
1592,Robert Siodmak
1593,Abdul Malik Abbott
1594,James Gunn
1595,Chuck Russell
1596,R.D. Braunstein
1597,Richard Schenkman
1598,Michael Switzer
1599,Tolu LordTanner
1600,John Crowley
1601,Robert Zemeckis
1602,Terry Miles
1603,David DeCoteau
1604,USP Studios
1605,Johannes Roberts
1606,Dylan Kidd
1607,Jake Paltrow
1608,Christie Will Wolf
1609,Michael Webber
1610,Michael A. Simpson
1611,Marina Sargenti
1612,Tyler Perry
1613,Robert Hiltzik
1614,Farren Blackburn
1615,Walter Hill
1616,Brian Trenchard Smith
1617,Stuart Gordon
1618,Steven C. Miller
1619,John McTiernan
1620,John Asher
1621,Kyle Balda
1622,Brad Ableson
1623,Jonathan del Val
1624,Frank Oz
1625,Karl Pfeiffer
1626,Jeff Rowe
1627,Kyler Spears
1628,Wayne Rose
1629,Richard Roy
1630,Tate Taylor
1631,Seyi Babatope
1632,Michael Atkinson
1633,Na Hong-jin
1634,Cas Sigers-Beedles
1635,Niyi Akinmolayan
1636,Ricky Kelly
1637,David Burton Morris
1638,Wayne Rose
1639,Eugene Ashe
1640,Tyler Perry
1641,Tony Rammos
1642,Ringo Lam
1643,David DeCoteau
1644,---
1645,Luc Besson
1646,Detlef Siebert
1647,Leslie Small
1648,Kathryn Bigelow
1649,Frank Oz
1650,John Ford
1651,Nick Green
1652,Glenn Ficarra
1653,John Requa
1654,Peter Facinelli
1655,Phil Karlson
1656,Eugene Ashe
1657,---
1658,Luc Besson
1659,Doug Campbell
1660,Bruce Beresford
1661,Jan Komasa
1662,Daniel Myrick
1663,Tyler Perry
1664,Paul Michael Glaser
1665,Matt Stawski
1666,
1667,John Glen
1668,Hideaki Anno
1669,Edgar Wright
1670,Gary Ross
1671,Carlos Saldanha
1672,David Burton Morris
1673,Sydney Pollack
1674,Phil Joanou
1675,Ted Kotcheff
1676,Rick Famuyiwa
1677,Niyi Akinmolayan
1678,Cas Sigers-Beedles
1679,
1680,Matthew Vaughn
1681,Bryan Singer
1682,Woody Allen
1683,Colin Strause
1684,Greg Strause
1685,Ringo Lam
1686,Tony Scott
1687,V.W. Scheich
1688,Rob Marshall
1689,Pierre Coffin
1690,Kyle Balda
1691,Gore Verbinski
1692,Mike Gunther
1693,David Raymond
1694,Michael Feifer
1695,Detlef Siebert
1696,Tom McGrath
1697,William Friedkin
1698,Kevin Sorbo
1699,Justin G. Dyck
1700,Andrew V. McLaglen
1701,Jaume Collet-Serra
1702,Mithran Jawahar
1703,Paddy Breathnach
1704,Max Fleischer
1705,Tex Avery
1706,David Fincher
1707,Brian Brough
1708,
1709,Colin Strause
1710,Greg Strause
1711,John Campopiano
1712,Christopher Griffiths
1713,Richard Rich
1714,Tyler Perry
1715,Andrew Adamson
1716,Kelly Asbury
1717,Conrad Vernon
1718,Antoine Fuqua
1719,Luke Greenfield
1720,TheGiggleBellies
1721,Brett Ratner
1722,David Raymond
1723,Christopher Nolen
1724,David Fincher
1725,Ricky Kelly
1726,Paddy Breathnach
1727,
1728,Richard Rich
1729,Tyler Perry
1730,Peter Jackson
1731,Andrew Adamson
1732,Kelly Asbury
1733,Conrad Vernon
1734,Anouk Whissell
1735,Francois Simard
1736,Yoann-Karl Whissell
1737,Annette Haywood-Carter
1738,Antoine Fuqua
1739,
1740,Dan Ireland
1741,Charles Stone III
1742,Robert Tinnell
1743,Brian Volk-Weiss
1744,Max Fleischer
1745,Tex Avery
1746,Keith English
1747,David Fincher
1748,Steven Spielberg
1749,Giorgio Serafini
1750,Alejandro Sugich L.A.
1751,Wayne Rose
1752,Ty Flowers
1753,Wyeth Clarkson (S. Wyeth Clarkson)
1754,Andre Ovredal
1755,Frank Pierson
1756,John Sayles
1757,Andre De Toth
1758,
1759,Daniel Myrick
1760,Eduardo Sanchez
1761,Michael Mazzola
1762,Brian Volk-Weiss
1763,Tyler Perry
1764,David Robert Mitchell
1765,François Girard
1766,Will Finn
1767,Sumanth Prabhas
1768,David Kerr
1769,Christopher Nolen
1770,
1771,Terry Jones
1772,Michael Austin
1773,Keith English
1774,Edward Zwick
1775,
1776,Maggie Greenwald
1777,Will Finn
1778,
1779,
1780,Jean-François Richet
1781,James Watkins
1782,Michael Winner
1783,Powell
1784,Michael
1785,Pressburger
1786,Emeric
1787,Richard Sears
1788,Roy Ward Baker
1789,Gary Goddard
1790,Terry Jones
1791,John Whitesell
1792,Chris Dowling
1793,Tyler Perry
1794,Doron Paz
1795,Yoav Paz
1796,Maggie Greenwald
1797,Keenen Ivory Wayans
1798,Tom Holland
1799,Sean Anders
1800,Brian Volk-Weiss
1801,Scott L. Montoya
1802,Jordan Hill
1803,Michael Scott
1804,Antoine Fuqua
1805,Terence Fisher
1806,Bobby Roth
1807,
1808,Derek Cianfrance
1809,Peter Jackson
1810,Michael Pressman
1811,Jon Watts
1812,Rob Zombie
1813,Hisako Matsui
1814,Frank Oz
1815,Keanu Reeves
1816,Nima Nourizadeh
1817,Sergei Mokritsky
1818,
1819,Charles B. Pierce
1820,Barry Levinson
1821,Tyler Perry
1822,Richard Donner
1823,Various
1824,Ice Cube
1825,Tina Hirsch
1826,Eduardo Rodriguez
1827,Sarik Andreasyan
1828,Tim Maltby
1829,John Glen
1830,Jeannie Gaffigan
1831,---
1832,William Phillips
1833,Rick Jacobson
1834,Jerry Ciccoritti
1835,James Wan
1836,Andrew C. Erin
1837,Drew Goddard
1838,Steven Shainberg
1839,Edward Zwick
1840,Tosca Musk
1841,Adam McKay
1842,Mark Mylod
1843,Victor Fleming
1844,Mel Brooks
1845,Masayuki Ochiai
1846,Karim Ainouz
1847,Danny Buday
1848,Christopher Nolan
1849,Victor Salva
1850,Marcus Nispel
1851,Jonathan Demme
1852,Christopher Caldwell
1853,Zeek Earl
1854,Marjolein Duermeijer
1855,Lilly Wachowski
1856,Lana Wachowski
1857,Bruce Hunt
1858,Charles McDougall
1859,Tom Whitter
1860,Chad Stahelski
1861,Olivia Wilde
1862,Peter Hyams
1863,John Llewellyn Moxey
1864,Fred Olen Ray
1865,Jing Wong
1866,Corey Yuen
1867,Marcus Nispel
1868,Will Gluck
1869,Gianfranco Parolini
1870,Godfry Reggio
1871,Pedro Almodovar
1872,Keene McRae
1873,J.J. Johnson
1874,Ari Aster
1875,Jonathan Demme
1876,Shawn Levy
1877,Paul Michael Glaser
1878,Carl Reiner
1879,Spike Lee
1880,Scott Montoya
1881,Anthony Silverston
1882,
1883,Hu Guan
1884,Harold Jackson
1885,Shawn Levy
1886,Pedro Almodovar
1887,Carl Reiner
1888,Jim McCullough Jr.
1889,Norman Tokar
1890,Spike Lee
1891,Ted Kotcheff
1892,David Barrett
1893,Marc Lawrence
1894,Chris Renaud
1895,Charles Shyer
1896,Brian A. Miller
1897,James C. Turner
1898,Hans Scheepmaker
1899,Geoff Murphy
1900,Mikkel Brænne Sandemose
1901,Sidney Lumet
1902,Stevin John
1903,J.J. Abrams
1904,Nimrod Antal
1905,Paige Goldberg Tolmach
1906,Lisa France
1907,Scott Montoya
1908,
1909,Sofia Coppola
1910,Nicholas Mastandrea
1911,Meko Winbush
1912,Jeb Stuart
1913,Ron Underwood
1914,David Yates
1915,Chris Renaud
1916,Michael Bay
1917,Michael A. Simpson
1918,Kelly Makin
1919,Jean Froment
1920,Woody Allen
1921,Andy Tennant
1922,
1923,Stephen Chbosky
1924,Sam Taylor-Johnson
1925,Dj Pooh
1926,Marcus Cole
1927,MarVista Entertainment
1928,Inc.
1929,Roger Mitchell
1930,Ashley Gething
1931,Gary Ross
1932,Will Dixon
1933,Genndy Tartakovsky
1934,Joel Crawford
1935,Judd Apatow
1936,Len Wiseman
1937,---
1938,John V. Soto
1939,Avi Nesher
1940,Brian De Palma
1941,Bill McAdams Jr.
1942,John Glen
1943,Jaume Balagueró
1944,Paco Plaza
1945,Nisha Ganatra
1946,Coke Daniels
1947,Gianfranco Parolini
1948,Jean-Claude Van Damme
1949,Katsuhiro Otomo
1950,Daniel Benmayor
1951,Eddie Huang
1952,Sebastian del Amo
1953,Ridley Scott
1954,Choi Jae-hoon
1955,Thom Fitzgerald
1956,Yelena Lanskaya
1957,Andrew Lawrence
1958,Andrew Cymek
1959,---
1960,Robert Harmon
1961,Raja Gosnell
1962,Albert Hughes
1963,Allen Hughes
1964,Billie Woodruff
1965,Malcolm Mcdonald
1966,Leopoldo Aguilar
1967,
1968,John Singleton
1969,Keishi Otomo
1970,Roberto De Feo
1971,
1972,Phillip Noyce
1973,Erin Lee Carr
1974,Philipp Stölzl
1975,---
1976,Christophe Gans
1977,Jesse Dylan
1978,Preston A. Whitmore II
1979,Alfonso Cuarón
1980,William Friedkin
1981,David O. Russell
1982,Rick Rosenthal
1983,Various
1984,Bradley Parker
1985,Brad Parker
1986,Sheldon Larry
1987,Tyler Perry
1988,Chris Columbus
1989,Alfonso Cuaron
1990,Mike Newell
1991,David Yates
1992,Frank Oz
1993,Lisa Joy
1994,---
1995,Jim Field Smith
1996,Will Wallace
1997,Fred Dekker
1998,David Salzberg
1999,Christian Tureaud
2000,Wes Craven
2001,Trey Parker
2002,Alan Metter
2003,Anna Gutto
2004,Robert Harmon
2005,Stephen Herek
2006,Jon Favreau
2007,Tamara Bass
2008,Gregory Monro
2009,Bernard Gourley
2010,Michael Apted
2011,Roger Kumble
2012,Duane Journey
2013,Ryan Combs
2014,Noel Nosseck
2015,Alan Ball
2016,Stacy Title
2017,Brett Bentman
2018,Tyler Perry
2019,Darren Lynn Bousman
2020,Nanea Miyata
2021,Michael Winner
2022,Steven Ayromlooi
2023,Terence Hill
2024,Giulio Base
2025,Soi Cheang
2026,Drew Pearce
2027,
2028,George Vincent
2029,Rick Irvin
2030,Steven Schachter
2031,Justin G. Dyck
2032,Bob Giraldi
2033,Letia Clouston
2034,Rian Johnson
2035,Kirk Jones
2036,John McNaughton
2037,Izu Ojukwu
2038,George Cukor
2039,Theodore Melfi
2040,Woody Allen
2041,D.J. Caruso
2042,Letia Clouston
2043,Anne K. Black
2044,Alan Ball
2045,James C. Clayton
2046,Hayao Miyazaki
2047,Indar Dzhendubaev
2048,Paul Reddish
2049,Coke Daniels
2050,Andrew V. McLaglen
2051,Charlotte Sieling
2052,Malgorzata Szumowska
2053,
2054,Jim Field Smith
2055,Wes Ball
2056,Lee Tamahori
2057,David I. Strasser
2058,Top 5s
2059,Robert Rodriguez
2060,Malgorzata Szumowska
2061,Stephen Chow
2062,Derek Kwok
2063,Lee Friedlander
2064,Tarsem Singh
2065,D.J. Caruso
2066,Sarov Shanmugam
2067,Andrew V. McLaglen
2068,Hanna-Barbera
2069,Gary Yates
2070,Andy Muschietti
2071,Jim Cliffe
2072,Steven R. Monroe
2073,Dick Lowry
2074,Aaron Horvath
2075,Peter Rida Michail
2076,Lauro Chartrand
2077,Lisa Arnold
2078,Denis Villeneuve
2079,James Whale
2080,Tod Browning
2081,George Waggner
2082,Not Specified
2083,Ethan Spaulding
2084,Johnathan Winfrey
2085,David Gordon Green
2086,
2087,Frank Coraci
2088,Kristoffer Borgli
2089,James Wan
2090,Lewis Gilbert
2091,
2092,Stephen LaRocque
2093,Douglas Barr
2094,Christopher Nolan
2095,Hayao Miyazaki
2096,Dwight H. Little
2097,Max Fleischer
2098,Francis Ford Coppola
2099,Igor Kovalyov
2100,Norton Virgien
2101,Manny Rodriguez
2102,Matthew McNeil
2103,Steven Spielberg
2104,Marc Webb
2105,Leslie Hope
2106,Arthur Lubin
2107,Karl Freund
2108,Jack Arnold
2109,James Whale
2110,Woody Allen
2111,Roland Emmerich
2112,Tom Reeve
2113,Paul Reddish
2114,
2115,Jeff Kanew
2116,Sanjay Leela Bhansali
2117,Katja Von Garnier
2118,Anne K. Black
2119,William Dear
2120,Tommy Lee Wallace
2121,John Stevenson
2122,Arantxa Echevarría
2123,Roger Young
2124,
2125,LeitchChristopher
2126,Konstantin Maksimov
2127,Christopher Nolan
2128,John Erick Dowdle
2129,M. Night Shyamalan
2130,L. Gustavo Cooper
2131,Don Siegel
2132,Jim Goddard
2133,Richard Howard
2134,Ethan Coen
2135,---
2136,Nicholas DiBella
2137,Robin Hardy
2138,Kevin Munroe
2139,Kevin Accart
2140,Michael Cimino
2141,Arna Selznick
2142,Dan Partland
2143,Jeff Scheftel
2144,S. Leigh Savidge
2145,Alan J. Levi
2146,Ninja Thyberg
2147,Nicolas Winding Refn
2148,Stefano Sollima
2149,Tyler Perry
2150,Charlotte Sieling
2151,Dick Lowry
2152,Discovery Media Productions
2153,Jon Jones
2154,Don Handfield
2155,Sidney J. Furie
2156,
2157,Guy Hamilton
2158,Brett Jubinville
2159,Laurel Dalgleish
2160,Catherine Cyran
2161,Doug Liman
2162,The Vicious Brothers
2163,Dae-woo Kim
2164,
2165,Meghna Gulzar
2166,Kevan Peterson
2167,Alexandre Aja
2168,Henry Joost
2169,Ariel Schulman
2170,Andy Muschietti
2171,John Carpenter
2172,Mario Azzopardi
2173,Wayne Kramer
2174,Harley Cokliss
2175,Michael Mazzola
2176,Jesse V. Johnson
2177,Charles Dance
2178,John Richard Walton
2179,Paul Middleditch
2180,Andy Armstrong
2181,Christine Chen
2182,Peter Jackson
2183,Camille Delamarre
2184,Linda Mendoza
2185,Trey Parker
2186,Megan Park
2187,Roger Corman
2188,Daniel Lusko
2189,Sam Mendes
2190,Fran Rubel Kuzui
2191,Roger Donaldson
2192,Jay Chapman
2193,Nicolas Winding Refn
2194,Steve Miner
2195,Tom Whitus
2196,Isaac Halasima
2197,Martin Scorsese
2198,---
2199,Robert Rossen
2200,Michael Forlong
2201,
2202,Charlie Minn
2203,J. Lee Thompson
2204,
2205,Neville Astley
2206,Mark Baker
2207,Allan Harmon
2208,Eric Lavaine
2209,John Polson
2210,S.E. DeRose
2211,Tyler Perry
2212,Cy Endfield
2213,Hanu Raghavapudi
2214,Rocco Urbisci
2215,David Steinberg
2216,Rupert Wainright
2217,Steve Carr
2218,Chin-Chung Chan
2219,Woo-Ping Yuen
2220,Molly Hermann
2221,Rob Lyall
2222,Kim Jee Woon
2223,Mike Tollin
2224,Michael Tollin
2225,Jochem Van Rijs
2226,Paul Hunter
2227,
2228,Kristoffer Tabori
2229,James DeMonaco
2230,Michael Spierig
2231,Peter Spierig
2232,Andrew Cymek
2233,William Beaudine
2234,Rowdy Herrington
2235,Pierre Coffin
2236,Chris Renaud
2237,Michael Simon
2238,Matthew McNeil
2239,Marcus Nispel
2240,Timothy Woodward Jr.
2241,David Burton Morris
2242,Philippe Caland
2243,Guy Vasilovich
2244,Garry Marshall
2245,Jim McBride
2246,Swati Bhise
2247,Tobe Hooper
2248,Paul Greengrass
2249,Martha Coolidge
2250,Woody Allen
2251,Steven Spielberg
2252,Sam Mendes
2253,Michael Brandt
2254,John Sturges
2255,Guy Hamilton
2256,Shana Feste
2257,Anders Banke
2258,Linda Otto
2259,Brad Bird
2260,Brenda Chapman
2261,Stephen Hickner
2262,Simon Wells
2263,Drew Pollins
2264,Pat Moffett
2265,Tad Stones
2266,Phil Weinstein
2267,Michael Feifer
2268,Joseph Zito
2269,Ivan Reitman
2270,Linda Mendoza
2271,Michael Sarna
2272,Peter Ho-Sun Chan
2273,Donald W. Thompson
2274,John McTiernan
2275,Garret Noël
2276,Paul Soter
2277,Michael Landon Jr.
2278,Andrew Palmer
2279,Gabor Csupo
2280,Rob Coldstream
2281,J.A. Bayona
2282,Magnus Gertten
2283,Joe Carroll
2284,Ron Clements
2285,John Musker
2286,Alma Har’el
2287,Jake Kasdan
