title,userId
Totally Killer,10
Guy Ritchie's The Covenant,5
A Million Miles Away,5
Kelce,2
Despicable Me 3,16
Those Who Wish Me Dead,16
Renfield,4
The Proposal,4
Black Adam,11
A Thousand and One,4
Pokémon Detective Pikachu,7
Top Gun: Maverick,18
DC League of Super-Pets,11
Aquaman,17
Dungeons & Dragons: Honor Among Thieves,15
Mechanic: Resurrection,1
The Suicide Squad (2021),15
The Batman,4
F9: The Fast Saga,18
Sitting In Bars With Cake,18
The Other Woman,5
Twilight,11
Teenage Mutant Ninja Turtles: Mutant Mayhem | Extended Preview,1
Mike and Dave Need Wedding Dates (4K UHD),10
The Equalizer 3 - Bonus X-Ray Edition,15
Pitch Perfect,9
Jurassic World Dominion,9
Champions,6
Rock Dog 2: Rock Around the Park,8
The Forever Purge,15
Halloween Ends,5
Elvis,13
Meg 2: The Trench,6
Unhinged,6
Barbie,17
Joker,3
Smurfs: The Lost Village,12
That's My Boy,3
The Bourne Legacy,1
The Spy Who Dumped Me,9
Old,1
John Wick: Chapter 4,1
Sicario,0
The Addams Family,1
The Super Mario Bros. Movie - Bonus X-Ray Edition,9
My Fault,18
Sonic the Hedgehog 2,16
Jonah Hex,14
Parker,16
The Twilight Saga: New Moon,6
Wonder Woman 1984,18
Angel Eyes,17
Creed III,3
M3GAN,1
Justice League,10
"Red, White & Royal Blue",12
Saw,1
Smile,12
Love & Murder: Atlanta Playboy Part One,15
Tales of Halloween,15
The Addams Family 2,10
The Bourne Supremacy,19
Knock at the Cabin,13
The Blackening,17
Harlem Nights,13
Godzilla vs. Kong,5
The Black Phone,1
Transformers: Rise of the Beasts,17
Suicide Squad (2016),16
Air,7
Red Sparrow,0
The Bourne Identity,7
Nope,15
Everything is Both,2
Memory,0
Freaky,12
Nobody,13
The Rebound,12
Mama,2
The Magic Of Belle Isle,3
Operation Fortune: Ruse de Guerre,19
Edge of Darkness,13
Snapshot of Love,6
Puppy Love,8
Cold Pursuit,2
My Louisiana Sky,1
Running Scared,6
Devil,5
Wonder Woman,14
Interstellar,7
PAW Patrol: The Movie,11
Ozzy,14
"The Twilight Saga: Breaking Dawn, Part 2",8
The Break-Up,12
The Tomorrow War,5
No Hard Feelings,17
No Time to Die,9
The SpongeBob Movie: Sponge Out Of Water,10
Ticket to Paradise,2
Shaft (2019),8
Jigsaw,13
You Asked to See the Monster,17
Scooby-Doo!: The Movie,19
Mission: Impossible - Dead Reckoning Part One,0
Talk to Me,19
Constantine,5
Blacklight,7
Running with the Devil,4
The Post,2
Watchmen,0
Terrifier 2,8
The Wedding Singer,12
Mission: Impossible - Dead Reckoning Part One,5
The Lost City,8
Running with the Devil,17
Fantastica: A Boonie Bears Adventure,0
Howard's Mill,4
The Nun II,13
Baked With a Kiss,1
The Jungle Bunch,8
80 for Brady,18
Scream VI,2
Scooby-Doo!: The Movie,5
Dog,3
Shazam!,8
Pavement,9
The Equalizer,1
Driving Miss Daisy,13
M3GAN (Unrated),1
Saw II,6
PAW Patrol: Mighty Pups,10
Grace of Monaco,14
Act of Valor,1
Observe and Report,14
Indiana Jones and the Dial of Destiny (Bonus Content and X-Ray Features),19
Tom & Jerry,11
"Love & Murder: Atlanta Playboy, Pt. 2",6
The Hot Chick,19
Greater,16
Extraction,9
Saw III,15
Fools Rush In,5
Legally Blonde,19
Blitz,15
Saw III,7
Twilight Saga: Breaking Dawn Part 1,12
Blitz,13
Fools Rush In,18
Puss in Boots,6
Amy's F It List,9
One for the Money,10
10 YEARS,3
Violent Night,6
Blood and Money,9
Sisu,16
The Peanut Butter Falcon,11
Beast,16
Bewitched,19
The Night Clerk,3
Wild Target,8
Teenage Mutant Ninja Turtles,16
The Secret: Dare to Dream,17
"Legally Blonde 2: Red, White & Blonde",1
Leap!,5
The Darkest Minds,16
Green Lantern,19
The Pig Farm,3
Mars Attacks!,3
The Watch,11
Blow,16
The Birdcage,4
Deadly Entanglement,15
Solace,0
Hercules (2014),10
2 Guns,12
Clifford the Big Red Dog,1
Army of Darkness,3
Riddick,12
For Love Of The Game,1
To Freedom,14
Abbott and Costello Meet Frankenstein,14
The Pig Farm,0
No One Lives,7
Horsemen (2009),19
The Lincoln Lawyer,9
The Little Things,14
Batman v Superman: Dawn of Justice,16
Alex Cross,18
Blue Beetle,1
Jailer,9
Transformers: Age Of Extinction,8
King Richard,5
Son of Bigfoot,15
DIVINE INTERVENTION,6
Wild Target,4
Coraline,11
The Flash,6
Moneyball,15
Storm Warning,17
Miles and Lies,19
Picture This,2
Scooby-Doo 2: Monsters Unleashed,0
Fled,16
Gran Turismo: Based on a True Story - Bonus X-Ray Edition,11
Candyman,5
Monster High 2,5
Pixels,14
Skin: A History of Nudity in the Movies,10
Dr. No,5
Hoodlum,10
Miles and Lies,11
Beetlejuice,14
After.Life,3
Jailer,11
A Quiet Place Part II,6
Quest for Fire,9
Braven,13
Widows,3
The Sisterhood of the Traveling Pants,14
jackass forever,16
Saw IV,14
Contraband,1
A-X-L,19
My Big Fat Greek Wedding 3,2
Nacho Libre,1
Batman v Superman: Dawn Of Justice Ultimate Edition,6
The Super,6
Killers,14
Dear Zoe,2
Insidious: The Red Door,14
Deep Blue Sea,3
Kick-Ass 2,6
The Ranch,14
The Day After Tomorrow,2
The Ride,1
The Infiltrator,6
Friday,4
A-X-L,18
Dr. No,14
Coneheads,2
Coneheads,8
The Ride,0
The Infiltrator,12
Scream,9
Pretty Crazy,1
Red Eye,4
Texas Killing Fields,19
Suicide Squad (Extended Cut),9
Remember Me,2
Come Play,7
My Spy,0
Finding You,13
Maya The Bee,10
Spider-Man: Across The Spider-Verse - Bonus X-Ray Edition,0
Medusa's Mystery,18
Daisies In December,19
Last Night in Soho,15
13 Hours,4
Killer Klowns from Outer Space,8
The Chronicles of Riddick,12
October Sky,1
Casino Royale,0
Daisies In December,16
Mean Girls,17
Transporter 3,16
Land,14
Left Behind,13
Medusa's Mystery,19
Skyfall,5
Wrath of Becky,5
Woman in Gold,15
The Punisher,18
Igor,7
Drag Me To Hell,1
Summer Rental,1
Kung Food,12
Charlotte's Web,15
Chaos,13
Rise of the Planet of the Apes,19
The Mask,1
The Cutting Edge: Chasing The Dream,10
Before We Go,0
Maleficent (Theatrical),16
Case 39,8
Rumble,7
Get Close,7
Promising Young Woman,18
Deadfall,3
October Sky,14
Rumble,11
Get Close,3
Promising Young Woman,4
Case 39,11
The Gambler,10
Just Getting Started,14
Daniel Tiger's Neighborhood: Tiger Family Trip,0
Saving Christmas Spirit,4
Valerian and the City of a Thousand Planets,6
Riding The Bullet,12
Aurora Teagarden Mysteries: Haunted By Murder,7
The Shape of Water,5
The Other End of the Line,2
J.D.'s Revenge,4
Steve and Maggie - Spooktacular Special (Vol. 14),15
Doubting Thomas,9
PAW Patrol: Moto Pups,12
The Name of the Rose,9
The SpongeBob SquarePants Movie,8
Woman in Gold,15
Let Him Go,13
The Finest Hour,12
Little Italy,15
"Yours, Mine & Ours",9
Domestic Disturbance,1
Sid is Dead,15
The Little Vampire,19
Hot Tub Time Machine 2,5
Harry Potter and the Sorcerer's Stone,6
Monster High The Movie,7
Overlord,1
Overlord,6
Monster Family,4
Dracula,7
A Royal In Paradise,10
The Little Vampire,18
Where the Buffalo Roam,14
Quantum of Solace,19
Cop Shop,17
Jurassic World,4
Saw V,4
A Haunted House,1
Jesse Stone: No Remorse,6
White Boy Rick,5
Interstellar,14
Honest Thief,0
Tulsa,5
Alexandria,10
The Girl with All the Gifts,13
Honest Thief,17
Break Every Chain,0
Jack Reacher,11
The Fog (1980),5
She's Out of My League,12
High Ground,5
The SpongeBob Movie: Sponge on the Run,16
The Murders in the Rue Morgue,6
Tulsa,2
The Super Mario Bros. Movie (Blu-Ray + DVD + Digital),18
"PAW Patrol: Ready, Race, Rescue",18
Dirty Dancing,16
The Crucifixion,15
Robocop (2014),10
Scary Stories to Tell in the Dark,3
Interstellar,11
Where the Buffalo Roam,17
Luce,13
Jesse Stone: Thin Ice,17
The Addams Family,15
Danger Close,8
A Princess for Christmas,4
So Undercover,16
Anne & Mary Boleyn - A Tale of Two Sisters,1
The Big Lebowski,11
Punisher: War Zone,14
Saw 5 (Unrated),6
Radio Rebel,8
Janky Promoters,16
Ghostbusters: Afterlife,18
Daylight's End,17
Wish You Well,14
Jesse Stone: Innocents Lost,8
Satyaprem Ki Katha,7
A Better Life,11
Sonic the Hedgehog,12
Orphan: First Kill,2
Point Break,0
Identity Thief,3
Venom: Let There Be Carnage,3
Bad Boys for Life,17
The Commuter,5
Unfriended: Dark Web,6
Dr. Seuss' Cat In The Hat,2
The Voices,7
Captive State,19
She's The Man,19
Gotti,11
Oculus,5
Blacktop,9
News of the World,11
Robert the Bruce,10
The Last Witch Hunter,10
Mrs. Harris Goes to Paris,1
The Possession Of Hannah Grace,13
3 Days to Kill,3
Women Talking,7
The Contractor,11
Elsa & Fred,19
Shooter,13
Snake Eyes: G.I. Joe Origins,15
Bedurulanka 2012,2
Drumline,15
Halloween,10
Warrior,14
A Rainy Day in New York,7
Scary Stories to Tell in the Dark,11
Honor Society,6
Is Genesis History?,19
2001: A Space Odyssey,0
Win a Date with Tad Hamilton!,8
Inglourious Basterds,1
Joe Bell,13
Superhero Movie,0
Blacktop,5
A Turtle's Tale: Sammy's Adventures,11
Sixteen Candles,9
Stealth,11
Daddy's Home,5
Jeepers Creepers 2,14
Is Genesis History?,15
SAW 6 (Unrated),17
Guns Akimbo,12
2001: A Space Odyssey,6
Fear the Night,6
A Turtle's Tale: Sammy's Adventures,7
Secret Window,10
The Legend of Sleepy Hollow,1
Burnt,14
Stealth,17
Stephen King's A Good Marriage,15
El Dorado,10
The Wolf Man (1941),8
The Wrong Mother,8
The Longest Yard (2005),5
Win a Date with Tad Hamilton!,18
Snowpiercer,19
Mystery of the 13th Guest,7
Illumination Presents: Dr. Seuss' The Grinch,17
Seven Days In Utopia,17
The System,19
Saw VI,7
She Said,4
PAW Patrol: Jet to the Rescue,18
The Violent Heart,7
Kandahar (2023),4
Plus One At an Amish Wedding,2
Fast X - Bonus X-Ray Edition,5
The Whale,15
Plane,0
Tucker & Dale vs Evil,18
Friends till death,9
Homefront,17
I Can Only Imagine,12
The House Next Door: Meet the Blacks 2,17
Crown Vic,11
I Want You Back,2
Quigley Down Under,5
South Beach Love,3
Megan Leavey,19
Nerve,5
The Back Up Plan,9
IN YOUR DREAMS,2
Daddy's Home 2,3
Hansel & Gretel: Witch Hunters,14
Death in Texas,12
Lord of War,11
The Meg,7
Children Of Men,3
Daddy's Home 2,19
New York Minute,4
"Hailey Dean Mysteries: Murder, with Love",19
And So It Goes,0
MORGAN,4
Lila and Eve,15
Crown Vic,3
Meet The Blacks,16
Season Of Fear,3
Jurassic Park,10
Dances with Wolves,12
Mystery 101: Pilot,3
Step Up,4
Lord of War,17
Jumanji: The Next Level,16
And So It Goes,15
Joy Ride,13
Sapta Sagaradaache Ello - Side A,17
Hall Pass (2011),19
Spirit: Stallion of the Cimarron,7
Beastly,6
Lila and Eve,8
All Nighter,0
MORGAN,17
Season Of Fear,16
K-19: The Widowmaker,19
The Mummy (1932),17
Tracks,17
Inglourious Basterds,19
Wicker Park,17
Sapta Sagaradaache Ello - Side A,12
Escape from Pretoria,11
The Silencing,3
Get The Gringo,17
Death and Back 1,18
Legally Blonde,8
The Last Witch Hunter,1
Scouts Guide to the Zombie Apocalypse,6
Desperado,1
Blippi - Explore With Blippi and Learn About Vehicles,14
Apocalypto,1
Hell House LLC,2
The Wolf of Wall Street,13
The Secret Life of the Cruise,4
Spider-Man: No Way Home,0
Alpha,15
The Wolf of Wall Street,0
The Secret Life of the Cruise,16
Young Guns,7
American Renegades,9
Blackbear,10
SuperFly,16
Boondock Saints,10
Storming Juno,4
Escape from New York,9
Harry Potter and the Chamber of Secrets,19
I Love You Phillip Morris,6
In the Electric Mist,2
Crazy on the Outside,6
Stolen From the Suburbs,12
Home Alone,19
The Hornet's Nest,15
The Resident,12
I Still See You,5
The Note 2: Taking a Chance on Love,18
The Russia House,3
A Force of One,10
Wild Oats,2
Escape from Pretoria,1
Benny Loves You,7
The Winds of Kitty Hawk,9
The Note,8
Step Up,15
Skin In The Game,16
The Family I Had,11
Cartoon Classics - Vol. 5: 25 Favorite Cartoons - 3 Hours,2
Tenth Man,11
The Mask of Zorro,4
National Lampoon's Van Wilder,11
Only,5
The Impossible,14
The Secret In Their Eyes,11
Wrongfully Accused,10
Baywatch,0
The Daniel Tiger Movie: Won't You Be Our Neighbor?,11
The Curse of La Llorona,9
First Emperor: The Man Who Made China,8
Dr. Seuss' How the Grinch Stole Christmas,14
The Devil Comes At Night,17
Saw 4 (Unrated),19
Dear Evan Hansen,5
Jurassic Park,15
Greenland,7
Mystery 101: Pilot,0
One Night With The King,14
Lawless,11
Avatar: The Way of Water,19
House of Gucci,6
If I Stay,0
About Fate,1
Dawning,18
From Russia with Love,8
A Cape Cod Christmas,6
Spy,8
Timecop,9
Addams Family Values,13
The Yards,11
Goldeneye,1
Eminem AKA,0
"Daniel Tiger's Neighborhood: You Are Special, Daniel Tiger!",4
The Other Guys,0
Red (4K UHD),12
Pinkfong 50 Best Hits: Baby Shark and More,18
22 Jump Street,5
The Cutting Edge: Going For The Gold,8
Black Snake Moan,16
Catwoman,5
All About the Benjamins,0
Shock and Awe,6
Ghost Story,17
What's The Worst That Could Happen?,14
The Ambush,14
Spider-Man: No Way Home (Extended Version),5
9/11: Minute by Minute,8
Finding Faith,3
The Longest Month,16
Spider-Man: No Way Home (Extended Version),12
Home Alone 2: Lost in New York,15
The Spiderwick Chronicles,5
The Cutting Edge: Going For The Gold,12
Code of the Assassins,5
Hands Up,7
Egypt: A Sunken City,8
The Last Samurai,14
Black Snake Moan,10
What's The Worst That Could Happen?,8
The Dirty 3rd: Next Generation,14
Back in the Day,6
Harry Potter and the Goblet of Fire,8
Train to Busan,0
Bad Times at The El Royale,6
Burning Bright,5
About My Father,1
Clueless,4
How to Lose a Guy in 10 Days,19
It,11
Sabotage,15
The Equalizer 2,1
Forsaken (2014),12
Happy People: A Year in the Taiga,19
Back in the Day,19
Mission: Impossible - Rogue Nation,19
Puss in Boots,14
The Librarian: Quest for the Spear,4
Untouchables,14
Love In Bloom,8
Maya The Bee 3: The Golden Orb,6
My Husband's Double Life,3
Love In Bloom,10
Tesla,16
Tyler Perry's Why Did I Get Married Too?,13
Freddy vs. Jason,13
County Line,16
Teenage Mutant Ninja Turtles: Out of the Shadows,11
Need For Speed (Theatrical),16
Anna,5
Once Bitten,6
Family Camp,4
Things To Do In Denver When You're Dead,18
The Librarian: Quest for the Spear,4
Happy People: A Year in the Taiga,5
12 Feet Deep: Trapped Sisters,12
Woman Of Straw,17
Take Care,18
Wildflower,9
Proud Mary,3
Steven Michael Quezada: The New Mexican,13
The Equalizer 2,19
Daniel Visits a New Neighborhood,8
Suicide Squad,18
Bodies Bodies Bodies,19
John Tucker Must Die,13
Twisted,2
Along with the Gods: The Two Worlds,16
The Conjuring: The Devil Made Me Do It,12
Bent,0
Everything Everywhere All At Once,11
The Next Three Days,6
Sabotage,17
Up in Smoke,8
Tomorrow Is Forever,5
Finders Keepers,15
MFKZ,13
Respect,17
For Your Eyes Only,12
Catwoman,17
The Green Hornet,1
Stalin's Executioners: The Katyn Massacre,8
Fatal Attraction,1
The Pianist,13
Beethoven,7
The Firm,2
The Day of the Jackal,16
The Truman Show,15
Lansky,0
X,17
10 Cloverfield Lane,13
Intersection,15
Blade,11
The Way Home,6
9/11: Minute by Minute,11
The Crow: Salvation,11
Red (4K UHD),18
Christmas with Felicity,3
That Awkward Moment,7
Jules,1
Zombieland: Double Tap,14
Mad Max,16
Mission: Impossible - Fallout,3
Rango,7
Back to School,8
That Awkward Moment,5
Rango,11
The Nun II Extended Preview,12
X,2
Cobweb,8
Batman (1989),17
Godzilla vs. Kong,5
According To Greta,14
¿Quieres ser mi hijo?,2
Look Away,7
Thunderball,14
Impact Winter: An Audible Original Audio Series,14
Zack And Miri Make A Porno,3
Jewel,17
The Boogeyman,5
Our Friend,10
The Earthing Movie,1
The Program,14
A Bride for Christmas,16
Death Becomes Her,15
Lucy,10
Unseen,0
The Outsider,8
American Gothic,1
Being Frank,4
Susie's Hope,13
Jamesy Boy,4
Waterworld,2
The Imposter,2
Halloween II,16
"Six Days, Seven Nights",14
The King's Daughter,15
A Good Person,4
ParaNorman,12
Mr. Church,5
The Imposter,3
American Gothic,16
Halloween II,4
Rabbit Hole,18
Hitman,10
You Only Live Twice,7
Susie's Hope,8
Beyond Hoarding,14
A Shot in the Dark,0
Fall,15
7 Signs of Christ's Return,15
The Lord of the Rings: The Motion Picture Trilogy (Extended & Theatrical)(4K Ultra HD),10
Nightmare on Elm Street (2010),19
Rumble Fish,9
9 Hour Rainstorm for Sleep black screen,13
Pearl: An X-traordinary Origin Story,10
Fury,13
Old School,5
Jerry & Marge Go Large,3
The Slammin Salmon,18
Unseen,4
The Boogeyman,0
World War Z (Extended),11
Spider-Man: Far From Home,6
Penelope,6
Bloodshot,12
Wild Card,16
The King's Daughter,19
Underworld: Blood Wars,10
Tim Burton's Corpse Bride,18
A Shot in the Dark,10
Big Sky River,9
Sudden Fury,8
Hickok,12
Labor Pains,0
Prey For The Devil,4
Last Knights,6
Passengers,12
Noah,7
John Tucker Must Die,11
The Librarian: The Curse Of The Judas Chalice,5
A Cinderella Christmas,13
Reprisal,1
The Many Saints Of Newark,7
Fifty Shades Freed,18
Lovewrecked,17
Scream 4,9
Indecent Proposal,3
Child 44,7
9/11,11
American History X,2
Blended,0
Big Sky River,13
Odd Thomas,17
Noah,15
Sahara (2005),0
The Best Offer,11
Independence Day,8
Trolls,9
Marvel Studios' Guardians of the Galaxy,10
The Lost World: Jurassic Park,8
xXx: Return of Xander Cage,14
Devotion,12
Seal of Desire,15
Ben Is Back,18
Guardians of the Galaxy Vol. 3,16
I Am Durán,3
Kingsman: The Secret Service,0
To Catch a Thief,0
The Wedding Ringer,7
Love in the Limelight,0
Reprisal,17
Relative Strangers,9
Sudden Fury,5
No manches Frida 2,9
Sleepy Hollow,2
The Train,18
Sirens,8
Harry Potter and the Order of the Phoenix,19
Jurassic Park III,14
The Nun II Extended Preview,0
The Great Debaters,15
Gambit,1
Last Knights,11
Black Girl Erupted,11
New Best Friend,15
Bullet to the Head,2
Children of the Corn,12
The Baker,0
Destined At Christmas,5
So B. It,0
Last Holiday,10
Mr. Majestyk,1
An Hour Behind,2
"Bucktown, U.S.A.",19
Juice,9
The Quiet Man,17
Horse Soldiers,0
The Wrong Friend,7
The Dressmaker,19
The Girl Who Believes In Miracles,13
Shoelaces For Christmas,11
Nurses on the Line: The Crash of Flight 7,10
The Invisible Man,3
Street Code Broken,2
Bottoms,17
Cartoon Classics - Vol. 1: 25 Favorite Cartoons - 3 Hours,3
The Spy Who Loved Me,18
Dune,13
Ice Girls,13
Amish Grace,11
Golda,12
Event Horizon,14
The Passion of The Christ,18
Forrest Gump,10
Scoob!,10
"Buried With Love, 2",7
Rio,6
The Wrong Car,17
Saw 2 (Unrated),15
Blade: Trinity,6
The Nun,12
Seven Psychopaths,13
Chained,13
Sin Nombre (English Subtitled),11
The Apostles After Jesus,12
50/50,19
Without a Paddle,3
I'll Be Home for Christmas,16
Hostiles,0
My Friend Dahmer,19
Held Up,16
All American Girl: The Mary Kay Letourneau Story,18
Halloween 4: The Return of Michael Myers,2
Tomorrow Never Dies,10
Hardball,5
A Nightmare on Elm Street,2
A Quiet Place,0
Dog Soldiers,9
Man of Steel,17
1984,11
V/H/S,8
Vampire Dog,1
A Royal Christmas on Ice,9
Love Marry Kill,17
Batman (1989),14
Lee Daniels' The Butler,0
Pulse,8
Sniper: The White Raven,12
King Arthur: Legend of the Sword,6
Alvin and the Chipmunks,14
The Right Kind of Wrong,6
The Dog Who Saved Halloween,2
A Country Romance,18
Broken Promise,18
The Ninth Gate,16
All About You,7
Final Destination 3,9
Halloween 4: The Return of Michael Myers,7
Sing,0
Half Nelson,12
The Great War of Archimedes,17
The Relic,13
A Haunted House 2,18
V/H/S,10
Personally Yours,0
Cry From the Mountain,10
Hidden Ireland,19
The Case of the Whitechapel Vampire,7
The Mighty Quinn,5
The House Bunny,1
The Spy Who Loved Me,16
Taming Andrew,18
Varsity Blues,9
The General's Daughter(1999),6
Dark Legacy,10
The Girl Next Door,17
True Justice: Deadly Crossing,17
Aurora Teagarden Mysteries: Something New,7
"Me, Myself And Irene",15
The Devil's Brigade,2
NAICA: The Crystal Cave,18
Michael Jackson: Searching for Neverland,7
Loaded,0
Denial,10
Harry Potter And The Deathly Hallows - Part 1,16
Super Troopers,9
The Reading,16
The Illusionist,16
Michael Jackson: Searching for Neverland,14
The Gift,4
Denial,5
The Winter Palace,1
Harry Potter And The Deathly Hallows - Part 1,13
Super Troopers,1
Death Wish (1974),2
Broken Promise,13
The Wrong Friend,17
Held Up,11
Not Cinderella's Type,11
All American Girl: The Mary Kay Letourneau Story,18
True to the Game 3,0
Bill Engvall: Just Sell Him For Parts,17
George's Best Stuff,8
Saw 3 (Unrated),0
Harry Potter and the Deathly Hallows - Part 2,2
Monster's Ball,4
Lords Of Salem,2
Samuel L. Jackson: Did I Stutter?,4
Anna's Storm,1
One In The Chamber,15
No Country for Old Men,19
The Unbearable Weight of Massive Talent,5
World War Z,19
The Misfits,12
Stonehearst Asylum,5
Deliver Us From Evil,9
Point Last Seen,6
Good Burger,5
Road to El Dorado,4
Saw: The Final Chapter,1
Elvira's Haunted Hills,8
Brides of Dracula,3
Marshall's Miracle,12
Christmas Mail,11
Anna's Storm,0
Custody Of The Heart,5
The Commando,14
Sensitive - The Untold Story,3
The Last Stand,18
Death Warrant,19
A Walk in the Woods,6
Dark Legacy,3
The Running Man,12
Guardians - English Dub,10
The Promotion,3
Griffin & Phoenix,15
Life in a Year,4
All the Queen's Horses,5
Marauders,14
Marshall's Miracle,12
Night Creatures,15
7th & Union,7
Griffin & Phoenix,7
The Man from Nowhere,7
Mob Town,9
Untrapped: The Story of Lil Baby,4
What a Girl Wants,11
Sunshine Cleaning,4
Ashes in the Snow,8
The Hustle,6
Popeye: 33 Cartoon Classics - 4 Hours,8
Play Misty For Me (1971),14
Between Friends,18
Dodgeball: A True Underdog Story,10
Seventeen Again,17
Most Wanted,14
Yellow Brick Road and Beyond,15
The Running Man,7
A Walk in the Woods,2
Blazing Saddles,17
The Ruins,17
The 'Burbs,8
Drowning Mona,16
The Prophecy,1
Past Lives,13
Tim Burton's Corpse Bride,13
Transformers: Age of Extinction,9
Ralphie May: Prime Cut,12
Tyler Perry's Madea on the Run,15
School of Rock,12
Cocktail,15
Practical Magic (1998),13
Hidden Saudi Arabia,9
Outlander,3
Stolen,8
Christmas in Mississippi,18
Pride and Prejudice,14
Insidious: The Last Key,16
The Wraith,12
Barnyard,5
Exists,17
Doom,3
Horns,6
Girl in the Closet,17
Quinceanera,5
The Bad News Bears,15
Spider-Man: Across The Spider-Verse - UHD/BD Combo + Digital,5
Date Night,8
The Final Countdown,8
Expecting Amish,8
Die Another Day,10
Nefarious,12
Limitless,6
Terminator 2: Judgment Day,13
"Are You There God? It's Me, Margaret.",8
Final Destination,17
Hellraiser,9
Hide N Seek,18
Child's Play,10
The King's Speech,14
Journey to the Center of the Earth,3
Alpha and Omega: Family Vacation,0
Hellraiser,11
The Getaway,2
The Maze Runner,1
From Russia with Love,0
Fifty Shades Of Grey,13
Love Sarah,15
Star Trek Beyond,3
Breaking,3
Hall Pass (Enlarged Edition),7
Creepshow 2,18
"O Brother, Where Art Thou?",5
Madame Nobel,12
Child's Play,6
The Good Heart,2
"O Brother, Where Art Thou?",9
Halloween 5,14
Stir of Echoes,9
One for the Money,5
Double Jeopardy,2
Carmen,4
Invisible History: Middle Florida's Hidden Roots,5
Shallow Hal,15
The Getaway,4
Alpha and Omega: Family Vacation,10
The Canterville Ghost,18
Christmas on the Range,14
Batman: The Complete Animated Series [Blu-ray],13
The 40 Year-Old Virgin,4
Once Upon A Crime,17
Stand and Deliver,7
Broken Embraces,7
Journey to the Center of the Earth,17
Betrayed,15
When Harry Met Sally,7
The Baytown Outlaws,17
Curious Caterer: Grilling Season,15
Arbitrage,4
Wedding Cottage,12
Live and Let Die,16
21 Grams,12
The Man in the Moon,14
Edge of Tomorrow,2
Lucy Shimmers and the Prince of Peace,8
Madame Nobel,4
"Jeff, Who Lives at Home",17
The 5th Quarter,17
Death on the Nile,14
Life Without Hope,6
Annabelle Comes Home,16
Transformers: Dark of the Moon,4
Brick Mansions,13
Silver Linings Playbook,5
Double Jeopardy,9
21 Grams,14
Halloween 5,16
Silent Fall,2
Resident Evil: Welcome to Raccoon City,1
Teenage Mutant Ninja Turtles II: The Secret of the Ooze,1
Gone,7
The Hobbit: An Unexpected Journey,7
Goldeneye,13
Paper Soldiers,14
Cloudy with a Chance of Meatballs,1
Buffaloed,0
Life Without Hope,4
The Remaining,17
Saving Private Ryan,6
A Father's Legacy,5
Inside a Cult: Messiah on Trial,9
Death on the Nile,1
Phantasm: Remastered,12
Phantoms,0
Make Up,1
"Little Death, The",4
Pinkfong and Baby Shark's Space Adventure,10
The Hobbit: An Unexpected Journey,10
Acts of Violence,8
Scary Movie 2,3
Annabelle Comes Home,12
Prairie Fever,16
Evil Dead,13
Edward Scissorhands,18
Brick Mansions,9
Hoopties,4
Trust,18
Princess of the Row,8
Fantastic Beasts: The Secrets of Dumbledore,13
Thiruchitrambalam,16
Harry Potter: 8-Film Collection [4K Ultra HD + Blu-ray] [4K UHD],16
The Last Airbender,18
Always At The Carlyle,16
Saturday Night Fever,15
Shrapnel,17
Swordfish,9
Do You Like Broccoli Ice Cream? & More Kids Songs - Super Simple Songs,1
Moonraker,10
The Man with the Golden Gun,15
Support Your Local Gunfighter,18
The Conjuring 2,19
Nanny McPhee Returns,8
A Monster In Paris,12
Wild Prairie Rose,0
The Notebook,11
Spoiler Alert,15
The Woman Who Wasn't There,19
The Queen's Corgi,9
Messenger of Death,17
The Substitute,13
Book Club,10
Failure to Launch,17
Scream,0
Kingdom of Heaven,17
The Courier,7
War of The Worlds (2005),2
Bats,19
The Forger,12
Tomorrow Never Dies,11
Farewell My Love,1
Lavell Crawford: The Comedy Vaccine (Extended Edition),10
The Reef,18
Sinister,19
Nanny McPhee,13
Resident Evil: The Final Chapter,9
Autumn in New York,15
The Electrical Life Of Louis Wain,9
Beyond the Law,14
Chick Fight,8
Batman & Robin,5
Navy Seals,16
Spinning Man,18
Annabelle: Creation,12
Book Club: The Next Chapter,10
The Jewel of the Nile,17
The Knight of Shadows,0
Madagascar: Escape 2 Africa,16
Season of the Witch,6
Trick 'r Treat,9
Shutter Island,3
The Ring,15
The Woman in Black,17
The Cat in the Hat Knows a Lot About Halloween!,11
Summer of 84,11
Retreat To Paradise,13
The Lord of The Rings: The Fellowship of the Ring (Extended Edition),8
The Book of Life,14
The Matrix: Resurrections,15
Black Mass,6
Gone,6
The Mist,19
The Sandlot,9
Of an Age,1
Tyler Perry's I Can Do Bad All By Myself,0
Barbie (Blu-Ray + Digital),19
The Gambler,9
Red Dragon,19
Madea Gets A Job ( Stage Play),1
Recoil,16
Legion,3
Queen Bees,4
Peace by Chocolate,5
Christmas Belle,10
Henry VII: The Winter King,13
Belly,12
The Sons of Katie Elder,10
Looking For Her,9
Dino King,19
Devil's Pond,15
Country Remedy,13
Curious George: A Halloween Boo Fest,19
Undiscovered Disney Parks,5
Imagine That,3
The Marriage Fool (Restored),12
The Shining,9
Alien Vs. Predator,13
See Jane Date,16
Legend of the Lost,4
Ghost In the Shell,8
School Ties,9
Eye for an Eye,12
Young Billy Young,3
SAPPY HOLIDAY,6
Mistaken,18
Spider-Man: Into the Spider-Verse,9
Pimp,4
Days of Thunder,6
The Layover,1
Man on Fire,4
CoComelon - JJ's Animal Time,12
Take Me Home,1
"Sex, Love, Misery: New New York",5
Batman Returns,0
Jeff Dunham: Arguing with Myself,17
Nazi Death Marches,5
Dancing Detective: A Deadly Tango,8
Runaway Train,15
The LEGO Movie,8
Thirteen Lives,17
Stuck in Love,1
Get a Job,17
Hatchet,13
The Couch Trip,2
Tim Burton's The Nightmare Before Christmas,5
Dr. No HD,3
Aloha,2
Star Trek (2009),7
Transformers: Revenge of the Fallen,10
The Far Pavilions,1
Triggered,17
Hot Tub Time Machine 2,3
Spider-Man Across The Spider-Verse: Sneak Peek,16
Robots,15
Humpty Dumpty & More Kids Songs - Super Simple Songs,3
A View to a Kill,4
Stuck in Love,2
Once Upon a Time in the West,10
The Couch Trip,7
The Retrievers,14
Once Upon a Time in the West,1
Tomorrow Never Dies,5
Hatchet,2
The Fire That Took Her,11
Sabrina The Teenage Witch,3
Stan Helsing,12
Skin Trade,16
Beverly Hills Cop,16
The Gate,12
FLU,16
The Suicide Squad,15
Elf,12
In The Blood,7
Underdogs,13
The Secret,15
Transformers: Revenge of the Fallen,19
Body of Lies,10
"Map of Tiny Perfect Things, The",3
Rollerball (2002),10
The Mandela Effect,5
Tyler Perry's Madea Goes to Jail - The Play,16
Falling for Vermont,10
Annabelle,19
Desperation Road,9
Birds of Prey (and the Fantabulous Emancipation of One Harley Quinn),4
"Sex, Love, Misery: New New York",16
A Turtle's Tale 2: Sammy's Escape From Paradise,14
Heal,2
The Little Mermaid (Bonus Content and X-Ray Features),9
The Devil You Know,10
The Devil You Know,18
Out of the Dark,9
Hats Off To Christmas!,12
The Lego Movie 2: The Second Part,1
Christmas in the Smokies,16
Desperation Road,9
Halloween H20: 20 Years Later,1
Falling for Vermont,5
A Turtle's Tale 2: Sammy's Escape From Paradise,4
Barbie (4K Ultra HD + Digital) [4K UHD],7
Annabelle,17
Death Race 2000,14
The Visitor,4
Murphy's Law,15
I Am T-Rex,6
Neighbors,4
Judas and the Black Messiah,16
The Locusts,9
The Founder,8
Karen,2
The Lazarus Effect,10
The Suicide Squad,10
Haunt,5
Dominion: Prequel To The Exorcist,10
China Doll,14
The Hired Heart,12
Birds of Prey (and the Fantabulous Emancipation of One Harley Quinn),6
My Bloody Valentine,17
Adeline,17
Trick or Treat Scooby-Doo!,16
Catch Hell,12
P!nk: All I Know So Far,18
Quest for the Lost Pharaoh,17
Titanic,6
Admission,0
Traded,8
Warhorse One,19
Daylight,1
Lost Child,0
The Big Country,10
Elvira: Mistress of the Dark,9
The Retrievers,18
Blindfire,8
Gangs Of New York,17
Scooby-Doo 2: Monsters Unleashed,17
A Walk in the Clouds,0
"Love, Kennedy",11
Mary Higgins Clark's: Try to Remember,1
Captain America: The Winter Soldier,10
Tag,19
RV,12
Eraser: Reborn,13
Dark Skies,18
Kill Bill: Volume 2,8
Red 2,13
Status Update,8
Enter the Fat Dragon,14
Elemental (Includes Bonus Content),11
The 355,10
Barefoot,12
Where Your Heart Belongs,16
The Lost Boys,18
Top Gun,10
Harley Davidson and the Marlboro Man,8
X-Men,9
The Secret Life of Pets,1
Hustle & Flow,10
Aachar & Co.,12
The Last Exorcism Part II,14
Allan Quatermain And The Lost City Of Gold,15
Hamburger Hill,9
Marty,15
No Good Deed,5
Nobody Will Believe You,2
Return to the Lost World,0
The Gathering (2002),18
Bad Ass,15
Eddie Griffin: You Can Tell 'Em I Said It,12
The Road,8
Bad Boys,14
SOUND OF FREEDOM,5
Lonesome Dove Church,6
Return to the Lost World,6
The Hired Heart,16
Casper,6
A Bridge Too Far,17
Red River (1948),7
Lemony Snicket's A Series of Unfortunate Events,8
Hustle & Flow,16
Witness For The Prosecution (1957),12
Bad Boys,4
Invisible Invaders,14
20000 Leagues Under the Sea,3
Lost Child,5
Pacific Ocean Waves,5
Cinderella,8
Carriers,1
Dear Viola,7
Red River (1948),8
Cinderella,15
Pacific Ocean Waves,4
Boys of H Company,5
A Bridge Too Far,0
Above the Shadows,19
The Most Wonderful Time of the Year,7
Leanne Morgan: So Yummy,13
The Last Deal,4
Sing 2,8
The Legend of Zorro,11
Poltergeist,1
Lemony Snicket's A Series of Unfortunate Events,2
The Firm,3
Law Abiding Citizen,15
Space Jam: A New Legacy,14
Of Mice And Men,8
My One True Love,3
The Ghost Writer,12
Jimmy Neutron: Boy Genius,4
CB4,6
The SpongeBob Movie: Sponge Out of Water,7
Crash,8
You've Got Mail,11
The Time Machine (2002),3
Volcano,15
The James Bond Collection [Blu-ray],16
Shottas,17
Blue Collar Comedy Tour: The Movie,15
Boxcar Bertha,8
Somewhere in Time,0
Witness For The Prosecution (1957),7
Invasion U.S.A.,0
Instructions Not Included,17
Harvest Moon,19
Prescription for Love,8
Old MacDonald Had a Farm & More Kids Songs - Super Simple Songs,6
Casper,15
The Report,18
Fast X (4K Ultra HD + Blu-Ray + Digital) [4K UHD],8
All Eyez on Me,15
The Lord of the Rings: Return of the King: Extended Edition,6
Me Before You,19
Shrek,4
Lovelace,9
Storm Rider,4
The Flash (Bonus X-Ray Edition),15
Batman Returns,8
X-Men: The Last Stand,2
Spirit Halloween: The Movie,7
Hit and Run,18
Alex Rider: Operation Stormbreaker,5
The Clue to Love,5
UFO's Are Real,11
The Big Easy,6
Celine,1
Invisible Invaders,0
Keanu Reeves: Journey to Success,18
Beyond The Black Rainbow,12
Barbara,17
Mission of the Shark,18
The Irish Pub,0
Alex Rider: Operation Stormbreaker,3
Puss in Boots: The Last Wish,9
Shut In,11
Wolves,3
Cocoa Brown: Famous Enough,11
Guardians of the Galaxy Vol. 3 (Includes Bonus Content),5
You're Not You,10
Hats Off To Christmas!,7
The Founder,16
Teenage Mutant Ninja Turtles: Mutant Mayhem | TEEN,9
Hazlo Como Hombre (English Subtitled),14
Keanu Reeves: Journey to Success,5
The Magnificent Seven,0
The Elephant in the Living Room,7
The Clue to Love,12
A View to a Kill,16
X-Men: Days of Future Past,18
Still Breathing,17
Control,14
The Magnificent Seven,18
UHF,1
High Spirits,11
Stevie Nicks - Through The Looking Glass,1
Freedom Writers,1
Mayhem,18
Our Idiot Brother,14
Meet Joe Black,19
Blumhouse's Fantasy Island,6
Raptor Island,11
MI-5,9
Hazlo Como Hombre (English Subtitled),7
America Has Fallen,5
SOUTH PARK THE STREAMING WARS,6
Hotel Transylvania 3,9
John Wick: Chapter 4 [4K UHD],5
True Justice: Angel of Death,0
Redemption,7
Fifty Shades Darker (Unrated Version),9
The Angry Black Girl and Her Monster,5
The Ghost and the Darkness,0
The Replacements,17
Wolves,14
Son of Dracula,17
State Property,3
Guardians of the Galaxy Vol. 3 (Includes Bonus Content),19
A Nightmare on Elm Street 3: Dream Warriors,14
I Spit on Your Grave 3,18
Stalking Laura,19
A Young Time Ago,7
The Goldfinch,3
The Polar Express,17
Lonesome Dove Church,0
Killer Design,3
Baby Shark & More Kids Songs (Little Treehouse),9
The Strangers: Prey at Night,1
Get a Job,8
Young Ones,14
Falling For Christmas,11
The Elephant in the Living Room,11
Sleepaway Camp III: Teenage Wasteland,0
Lying Eyes,3
Tyler Perry's Good Deeds,3
Sleepaway Camp,5
Shut In,15
Wild Bill,5
The Siege of Firebase Gloria,12
Stuck,8
Escape Plan 2: Hades,16
Predator,16
Sebastian Maniscalco: Aren't You Embarrassed?,11
Minions: The Rise of Gru,15
The Stepford Wives,16
The Unbinding,16
Teenage Mutant Ninja Turtles: Mutant Mayhem | TEEN,5
True Justice: Lethal Justice,8
Deception,13
The Help,12
When Love Happens Again,4
Surviving the Outback,2
The Wailing,14
Scheme Queens,9
The House of Secrets,19
Black Beach/White Beach,16
The Babysitter's Seduction,10
True Justice: Angel of Death,1
Sylvie's Love,14
Tyler Perry's Good Deeds,0
Ride Till I Die,4
In Hell,18
Killer Design,11
The Pink Panther (1963),16
Arthur and the Minimoys,5
I Was There: The Great War Interviews,0
Shaquille O'Neal Presents: All Star Comedy Jam - Live From Las Vegas,6
Zero Dark Thirty,9
The Stepford Wives,14
The Man Who Shot Liberty Valance,6
The Lost Gardens of Babylon,14
"Crazy, Stupid, Love.",15
"Vanished, The",11
Dark Alibi - Sidney Toler As Charlie Chan,3
Sylvie's Love,11
The Pink Panther (1963),5
Arthur and the Minimoys,4
Double Mommy,11
Tender Mercies,3
Warsaw 44,18
Solstice,14
Tyler Perry's Madea's Family Reunion - The Play,3
The Cutting Edge,7
Blue's Big City Adventure,13
SOUND OF FREEDOM BD/DVD DGTL,15
Licence to Kill,17
Shin Masked Rider,19
Hot Fuzz,1
Free State of Jones,15
Rio 2,4
The Babysitter's Seduction,15
Three Days of the Condor (1975),19
State Of Grace,14
First Blood,0
Brown Sugar,11
The House of Secrets,9
Scheme Queens,1
Top Ten Deadliest Beasts,9
X-Men: First Class,11
Match Point,4
Aliens Vs. Predator: Requiem,0
In Hell,10
Beverly Hills Cop II,5
Stars Fell on Alabama,18
The Little Mermaid - Bonus X-Ray Edition,7
Minions,1
Mousehunt,13
Rogue Warfare: Death of a Nation,15
Night Hunter,7
A Nanny For Christmas,2
I Was There: The Great War Interviews,3
The Boss Baby,1
The Hunted,2
Let There Be Light,1
Love By Accident,0
John Wayne & Maureen O'Hara in McLintock! - The Uncut Classic With Bonus Footage,5
Run All Night,7
Thiruchitrambalam,19
Shrooms,15
Cartoon Classics - Vol. 3: 25 Favorite Cartoons - 3 Hours,4
Girl with the Dragon Tattoo,3
Timeless Love,13
Secrets of the Mega Resort,18
Aliens Vs. Predator: Requiem,9
Pennywise: The Story of IT,8
Alpha and Omega 2: A Howl-iday Adventure,11
Tyler Perry's Madea's Neighbors From Hell (Play),4
Shrek 2,8
Brooklyn's Finest,14
The Animal,13
The GiggleBellies: Monster Trucks,11
X-Men: The Last Stand,12
Night Hunter,17
The Final Say,17
Girl with the Dragon Tattoo,3
Black Beach/White Beach,15
Shrooms,7
Not Without My Daughter,15
Alpha and Omega 2: A Howl-iday Adventure,8
Tyler Perry's Madea's Neighbors From Hell (Play),14
The Hobbit: The Battle of the Five Armies,8
Shrek 2,19
Turbo Kid,12
Savannah,15
Brooklyn's Finest,14
Breakheart Pass,16
Mrs. Palfrey At The Claremont,4
CrazySexyCool: The TLC Story,2
Airspeed,2
Kellen Erskine: Zoomed Out,15
Cartoon Classics - Vol. 3: 25 Favorite Cartoons - 3 Hours,4
The More You Ignore Me,14
Gone Girl,7
Ready Player One,4
Senior Moment,5
The strange case of the claustrophobic ghost,3
Brotherhood,4
Time Simply Passes,6
The Way of the West (2011),5
The Autopsy of Jane Doe,6
A Star Is Born (1976),13
Eight Men Out,3
The Indian Fighter,11
Black Girl Missing,10
The Blair Witch Project,13
Unacknowledged: An Expose of the World's Greatest Secret,17
Gary Owen: #DoinWhatIDo,7
Tyler Perry's Daddy's Little Girls,19
It Follows,9
The Red Violin,10
Legends of Oz: Dorothy's Return,5
Mem Famous,13
A Midsummer Night's Dream,11
The Final Say,12
Relaxing Beach Campfire 8 hours,17
Absolutely Anything,13
Princess Caraboo,7
The More You Ignore Me,0
Trial by Fire,4
Breakheart Pass,15
The Last Keepers,7
Legends of Oz: Dorothy's Return,7
Secrets of the Mega Resort,4
Relaxing Beach Campfire 8 hours,4
Blood Father,6
Eden Lake,11
Chato's Land,9
Night Ambush,5
Bongwater,10
A Night To Remember,18
Masters Of The Universe,17
Absolutely Anything,19
Big Momma's House 2,16
Run the Race,9
I Can Do Bad All By Myself (Stage Play),19
Plan A,11
The Last Keepers,12
Scary Movie,1
Fright Night (1985),9
Horrible Bosses 2,3
Jinkx Monsoon: Red Head Redemption,14
Brad Williams Fun Size,2
Beyonce & Jay-Z: Power Love,8
Christmas on Holly Lane,16
King Arthur,5
The Hound Of The Baskervilles (1959),6
The Inheritance,0
Yellowstone Supervolcano,1
The Place Beyond The Pines,9
The Hobbit: The Desolation of Smaug,6
Some Kind of Hero,6
Spider-Man: No Way Home (Bonus Content),17
Halloween II,0
Leonie,0
Little Shop of Horrors,9
Man of Tai Chi,12
American Ultra,6
Battle for Sevastopol,15
Asian Tsunami: The Deadliest Wave,15
Renfroe's White Christmas,7
Rain Man,16
Madea's Big Happy Family (Play),6
The Goonies [4K UHD],17
Game of Thrones: The Complete Collection [4K UHD],16
The Players Club,6
Munchies,0
You're Not Alone,12
Robo,15
Alpha and Omega: Dino Digs,12
The Living Daylights,18
Jim Gaffigan: Noble Ape,18
Antwone Fisher,17
Gunless,18
A Bold Affair,4
Shania: A Life in Eight Albums,1
Death Sentence,19
Tornado Valley,19
The Cabin in the Woods,0
Secretary,0
Trial by Fire,9
The Matchmaker's Playbook,18
Anchorman: The Legend of Ron Burgundy,19
The Menu,17
The Wizard of Oz,3
Spaceballs,18
Shutter,8
Invisible Life,5
SECOND CHANCE CHRISTMAS,18
The Dark Knight,15
Jeepers Creepers,9
Conan The Barbarian,3
The Silence of the Lambs,8
Prospect,13
Elephants of Kilimanjaro,1
The Matrix,0
Call Me: The Rise and Fall of Heidi Fleiss,18
Real Crime A Very Special Constable: Nisha Patel,15
John Wick,4
Don't Worry Darling,12
The Presidio,3
Lady Mobster,12
The Phantom Empire,17
Legend of the Red Dragon,10
Conan The Barbarian,15
Annie,8
Return of Sabata,1
Koyaanisqatsi,1
All About My Mother,7
Shot In The Dark,8
Dino Dana The Movie,12
Hereditary,16
The Silence of the Lambs,11
The Pink Panther,12
The Cutting Edge,9
All of Me,4
Crooklyn,4
Brad Williams: Daddy Issues,4
Khumba,12
Black Screen Ocean Waves for Sleep 9 hours,18
The Eight Hundred,19
Once Upon A Time in the District,1
The Pink Panther,17
All About My Mother,15
All of Me,14
Where the Red Fern Grows,10
Crooklyn,5
Billy Two Hats,16
Fire With Fire,19
Pigs,17
The Secret Life of Pets 2,17
Baby Boom,14
House of the Rising Sun,4
Noble Intentions,6
Field Of Honor (1986),14
Young Guns II,6
The Ash Lad: In Search of the Golden Castle,0
Murder on the Orient Express,11
Go to School and Learn with Blippi,11
Super 8,15
Armored,1
What Haunts Us,14
Greyson Family Christmas,6
Brad Williams: Daddy Issues,14
Gentle Midnight Rain black screen 9 hours,7
The Virgin Suicides,17
The Breed,1
Gray Matter,11
Switchback,9
Tremors,8
Fantastic Beasts: The Crimes of Grindelwald,18
Dr. Seuss' The Lorax,10
Pain & Gain,9
Sleepaway Camp II: Unhappy Campers,6
"I Do, But I Don't",11
The Strange Life of Dr. Frankenstein,9
Everything You Always Wanted To Know About Sex * But Were Afraid To Ask,7
Fool's Gold,7
A Rose For Her Grave: The Randy Roth Story,14
The Perks Of Being A Wallflower,12
Fifty Shades of Grey (Unrated Edition),7
The Wash,8
Yesterday's Children,0
In Bed with a Killer,1
Blackbird,0
As It Happened: Tarawa,6
THE HUNGER GAMES,11
Mary Higgins Clark's: I'll Be Seeing You,14
Hotel Transylvania,13
The Croods: A New Age,12
Knocked Up,2
Live Free or Die Hard,17
Blippi's Snowflake Scavenger Hunt,4
Avarice,3
Mercenary,8
Dressed to Kill,18
Jose Canseco: The Truth Hurts,2
Octopussy,7
Rec 2,5
Late Night,9
Who Made the Potatoe Salad,7
Return of Sabata,12
The Quest,0
Memories,5
Tracers,16
Boogie,18
Cantinflas ESP,6
Exodus: Gods and Kings,16
The Killer,15
Stage Mother,5
Primal Doubt,15
Mistletoe Mixup,8
Autumn Stables,3
The Gift,6
Jesse Stone: Death in Paradise,10
Big Momma's House,16
Dead Presidents,5
Beauty Shop,5
JFK: The Smoking Gun,3
Monster Island,4
Secrets of the Shroud,6
Shaft,5
THE LEGEND & BUTTERFLY,0
The Nest,14
"The British Virgin Islands - Caribbean, Crown and Crab Racing",2
Sliver,13
Mommy Dead and Dearest,16
Erased,14
The Doors,12
Beauty And The Beast,7
Kicking And Screaming,19
True To The Game,18
Harry Potter And The Prisoner Of Azkaban,9
The Exorcist,4
The Fighter,10
Halloween: Resurrection,0
Marineland Carnival with The Munsters TV Cast Members,12
Chernobyl Diaries,13
The Reality of Love,13
Tyler Perry's A Madea Christmas - The Play,9
Harry Potter: The Complete 8-Film Collection [DVD],19
The Score,9
Reminiscence,15
Judy,13
Butter (2011),17
Red Wing,10
The Monster Squad,9
Apache Warrior,14
The Last House On The Left (Unrated),10
"South Park: Bigger, Longer & Uncut",17
Girls Just Want to Have Fun,6
Paradise Highway,16
Night Passage,0
Bill & Ted's Excellent Adventure,15
Chef,2
Hello,5
Jerry Lewis: The Man Behind the Clown,11
Uncle P,7
The World is Not Enough,1
Furry Vengeance,14
Hansel & Gretel Get Baked,7
Caged Animal,6
The Killing Secret,10
Uncle Frank,19
Snoop Dogg's Hood of Horror,12
Foreclosure,16
Tyler Perry's Daddy's Little Girls,1
Saw II,14
Romance in Hawaii,16
The Mechanic,15
Leprechaun 6: Back 2 Tha Hood,0
Doc West,11
The Monkey King 2,11
Hotel Artemis,16
Good Night Oppy,13
Heavenly Deposit,15
The Engagement Ring,19
Romance in the Wilds,17
Dinner Rush,6
The Midwife's Deception,8
Knives Out,19
My Big Fat Greek Wedding 2,8
Wild Things,8
Four Four Forty Four,13
Gaslight (1944),14
St. Vincent,8
Everything You Always Wanted To Know About Sex * But Were Afraid To Ask,8
Redeeming Love,3
The Midwife's Deception,8
Mythica: A Quest For Heroes,16
Uncle Frank,11
Bullet Proof,8
Spirited Away,17
I Am Dragon,10
Hummingbirds,10
Who Made the Potatoe Salad?,9
Cahill: U.S. Marshall,16
Margrete: Queen of the North (English Dub),15
Infinite Storm,16
Farah Diba Pahlavi: The Last Princess,11
Butter (2011),15
Maze Runner: The Scorch Trials,8
xXx: State of the Union,3
Love's Second Chance,1
Murderous Minds - The Iceman,7
From Dusk Till Dawn,2
Infinite Storm,8
Journey to the West,16
Double Daddy,2
Immortals,14
Redeeming Love,6
Oh My Dog,8
Cahill: U.S. Marshall,2
Scooby-Doo and the Witch's Ghost,3
One Winter Weekend,0
IT,3
Cowboy And Movie Star,4
Pumpkin Pie Wars,6
Project: ALF,9
Teen Titans Go! To the Movies,12
True Justice: Vengeance is Mine,16
Camp Cool Kids,19
Dune (4k Ultra HD + Blu-Ray + Digital) [4K UHD],5
Universal Classic Monsters: Icons of Horror Collection [4K UHD],7
Cody Johnson - Dear Rodeo: The Cody Johnson Story,2
Scooby-Doo! Camp Scare,19
Legend of the Lost Tomb,11
Joe,9
Stripped: Las Vegas,8
Click,7
Sick of Myself,6
Insidious: Chapter 2,10
Moonraker,2
The Sound of 007,12
Above Suspicion,3
Love Lessons,9
The Prestige,1
Spirited Away,17
Marked for Death,13
Christmas Cartoons: 14 Christmas Cartoon Classics - 2 Hours of Holiday Favorites,1
John Grisham's The Rainmaker,5
The Rugrats Movie,15
Jeff Dunham: Minding The Monsters,5
Indiana Jones and the Raiders of the Lost Ark,18
Gifted,19
Christmas on the Bayou,4
Universal Classic Monsters: Icons of Horror Collection (The Mummy / The Bride of Frankenstein / Phantom of the Opera / Creature from the Black Lagoon) [4K UHD],8
Vicky Cristina Barcelona,15
Universal Soldier,0
George and the Dragon,18
Hummingbirds,1
John Wick: Chapter 4 [Blu-ray],18
Revenge of the Nerds,3
Padmaavat,12
Blood and Chocolate,15
Mythica: A Quest For Heroes,8
The Perfect Game,5
Halloween III: Season of the Witch,2
Sherlock Gnomes,16
Carmen & Lola,1
One Special Night,7
Trains: Two Centuries of Innovation,4
Courage Mountain,6
Tankers,9
The Dark Knight Rises,15
Quarantine,16
Signs,4
Crawlspace,9
The Shootist,6
A Tale Of Two Cities,6
Ground Control,10
True Grit,19
In The Heat Of The Night (1967),15
MYSTERY OF HER,2
The Wicker Man (1973),5
TMNT,4
Secrets of Nazi U-Boat Bases,14
Thunderbolt and Lightfoot,2
The Care Bears Movie,7
#Unfit: The Psychology of Donald Trump,0
Welcome To Death Row,11
The Last Song,8
Pleasure,4
Bronson,2
Sicario: Day of the Soldado,9
Tyler Perry's Diary of a Mad Black Woman - The Play,9
Margrete: Queen of the North (English Dub),9
Her Final Fury: The Betty Broderick Story Part II,17
The End Times,7
Northanger Abbey,7
Touchback,5
My Five Wives,16
Decisive Battles of Hitler's War: Normandy to the Rhine,7
The Man with the Golden Gun,0
The Bumble Nums - Season 4,19
True Heart,1
WARNER BROS Live Die Repeat: Edge of Tomorrow (4K Ultra HD + Blu-ray + Digital) [4K UHD],9
Grave Enounters,7
Obsessed,12
Transformers: Rise of the Beasts [Blu-ray],2
Raazi,10
Scales: Mermaids Are Real,2
High Tension,15
Nerve,16
The Flash (4K Ultra HD + Digital) [4K UHD],1
Christine,14
Saul: The Journey to Damascus,6
Pawn Shop Chronicles,7
Malone,1
Close Encounters of the Fifth Kind: Contact Has Begun,7
Accident Man,7
Ladies in Lavender,16
Trust Issues,7
Rapture-Palooza,12
Moonshine Highway,19
Erzulie,4
The Hobbit: An Unexpected Journey (Extended Edition),11
The Transporter Refueled,0
Chasing Papi,9
SOUTH PARK: POST COVID,12
The Fallout,4
The Raven (1963),13
Acquitted by Faith,3
1917,9
Buffy the Vampire Slayer,19
The November Man,17
Kathleen Madigan: Madigan Again,18
Bronson,19
House,2
The Good Journey,12
Mike Paramore: You've Just Been Flirted With,14
Casino,0
Galaxy Quest,18
Alexander the Great,15
"Truly, Madly, Sweetly",1
Parkland: Inside Building 12,16
10 to Midnight,18
The Cold War - Submarines In Enemy Depths,5
Peppa Pig - Pumpkin Party,12
Hearts of Winter,1
Barbecue,4
Swimfan,15
Charming the Hearts of Men,2
Why Did I Get Married?,15
Zulu,1
Sita Ramam,10
HBO Comedy Hour: George Carlin: You Are All Diseased,2
Miss Dial,15
Stigmata,2
Are We Done Yet?,4
Fist of the Red Dragon,4
Pocahontas: Beyond the Myth,9
I Saw the Devil(English Subtitled),8
Radio,0
Crocs of Katuma,4
Bulletproof Monk,8
House of Deadly Lies,3
Debbie Macomber's Dashing Through the Snow,5
The Purge,5
Daybreakers,4
Astonishing Tales of Terror: Rocktapussy!,5
The Chinese Ring - Roland Winters As Charlie Chan,14
Road House,16
Despicable Me,3
Jeff Dunham: Controlled Chaos,6
Friday the 13th,15
The Twilight Saga: Eclipse - Extended Edition,15
Navigating The Heart,0
Repentance,14
Mariah Carey's All I Want For Christmas Is You,10
Mother's Day,11
Breathless,15
The Warrior Queen of Jhansi,14
Lifeforce,18
Jason Bourne,7
Valley Girl,11
Anything Else,4
Bridge of Spies (Theatrical),15
Road to Perdition,18
The Double,7
Hour Of The Gun,15
Evil Under the Sun,12
The Greatest,9
Enemy Lines,13
Shattering the Silence,2
Mission: Impossible IV - Ghost Protocol,14
The Prince of Egypt,13
Ice Cream in the Cupboard,10
Hellboy: Sword of Storms,11
16 and Missing,2
Missing In Action,11
Ghostbusters,8
Chasing Papi,9
Toby Goes to Camp,4
Dragon,16
The Prodigal Planet,12
The Hunt for Red October,10
Rusty,0
Watching The Detectives,8
Love Comes Softly,8
The Dark Side of Everest,8
The Secret of Moonacre,13
Princess Alice: The Queen's Mother-In-Law,14
Jurassic World: Fallen Kingdom,19
Nelly & Nadine,3
Lethal Legacy,18
Moana (Bonus Content),19
Honey Boy,11
Jumanji: Welcome to the Jungle,11
